trigger_type,filing_date,quarter,ai_weight_prior,ai_weight_current,ai_weight_change,total_portfolio_weight,ai_positions_count,new_ai_entries_this_quarter,ai_adds_this_quarter,ai_exits_this_quarter,top_5_ai_positions,gross_buying_pct,gross_selling_pct,net_buying_pct,net_buying_dollars,tickers_bought,tickers_sold,tickers_new,tickers_exited,subtheme,entering_tickers,entering_weights,total_subtheme_weight,subsequent_add,subsequent_add_tickers,subtheme_weight_prior,subtheme_weight_current,subtheme_weight_change,active_tickers,all_tickers_in_subtheme,ticker,company,theme,initial_weight_pct,became_active_add
AI_SUBTHEME_ACTIVE_CROSS_2PCT,2020-05-15,2020-03-31,,,,,,,,,,,,,,,,,,AI/Datacenter Memory,,,,,,0.00,3.91,3.91,MU,MU,,,,,
AI_SUBTHEME_ACTIVE_CROSS_2PCT,2020-05-15,2020-03-31,,,,,,,,,,,,,,,,,,AI/Hyperscaler,,,,,,0.00,11.65,11.65,"AMZN, GOOGL","AMZN, GOOGL",,,,,
AI_SUBTHEME_ACTIVE_CROSS_4PCT,2020-05-15,2020-03-31,,,,,,,,,,,,,,,,,,AI/Hyperscaler,,,,,,0.00,11.65,11.65,"AMZN, GOOGL","AMZN, GOOGL",,,,,
NEW_AI_POSITION_2PCT,2020-05-15,2020-03-31,,,,,,,,,,,,,,,,,,,,,,,,,,,,,AMZN,AMAZON COM INC,AI/Hyperscaler,4.70,FALSE
NEW_AI_SUBTHEME,2020-05-15,2020-03-31,,,,,,,,,,,,,,,,,,AI/Datacenter Chips,NVDA,4.11,4.11,FALSE,,,,,,,,,,,
NEW_AI_SUBTHEME,2020-05-15,2020-03-31,,,,,,,,,,,,,,,,,,AI/Hyperscaler,"GOOGL, AMZN","6.95, 4.70",11.65,FALSE,,,,,,,,,,,
NEW_AI_SUBTHEME,2020-05-15,2020-03-31,,,,,,,,,,,,,,,,,,AI/Datacenter Memory,MU,3.91,3.91,TRUE,MU,,,,,,,,,,
NEW_AI_SUBTHEME,2020-05-15,2020-03-31,,,,,,,,,,,,,,,,,,AI/EV,TSLA,5.14,5.14,FALSE,,,,,,,,,,,
AI_BASKET_RAMP,2020-08-14,2020-06-30,8.02,16.87,8.86,100.00,4,"INTC, XLNX",MU,,"MU:6.14, XLNX:3.74, INTC:3.66, NVDA:3.33",10.42,0.53,9.89,68653139,MU +$21M,NVDA -$4M,"XLNX, INTC",,,,,,,,,,,,,,,,,
AI_SUBTHEME_ACTIVE_CROSS_2PCT,2020-08-14,2020-06-30,,,,,,,,,,,,,,,,,,AI/Edge Computing,,,,,,0.00,3.74,3.74,XLNX,XLNX,,,,,
AI_SUBTHEME_ACTIVE_CROSS_2PCT,2020-08-14,2020-06-30,,,,,,,,,,,,,,,,,,Semiconductor Manufacturing,,,,,,0.00,3.66,3.66,INTC,INTC,,,,,
AI_SUBTHEME_ACTIVE_CROSS_4PCT,2020-08-14,2020-06-30,,,,,,,,,,,,,,,,,,AI/Datacenter Memory,,,,,,3.91,6.14,2.23,MU,MU,,,,,
NEW_AI_POSITION_2PCT,2020-08-14,2020-06-30,,,,,,,,,,,,,,,,,,,,,,,,,,,,,XLNX,XILINX INC,AI/Edge Computing,3.74,FALSE
NEW_AI_POSITION_2PCT,2020-08-14,2020-06-30,,,,,,,,,,,,,,,,,,,,,,,,,,,,,INTC,INTEL CORP,Semiconductor Manufacturing,3.66,FALSE
NEW_AI_SUBTHEME,2020-08-14,2020-06-30,,,,,,,,,,,,,,,,,,AI/Edge Computing,XLNX,3.74,3.74,FALSE,,,,,,,,,,,
NEW_AI_SUBTHEME,2020-08-14,2020-06-30,,,,,,,,,,,,,,,,,,Semiconductor Manufacturing,INTC,3.66,3.66,FALSE,,,,,,,,,,,
AI_BASKET_RAMP,2021-06-01,2021-03-31,2.65,10.81,8.17,100.00,3,"AMD, INTC",,,"AMD:7.66, MU:2.40, INTC:0.75",9.30,0.00,9.30,288714657,MU +$28M,,"AMD, INTC",,,,,,,,,,,,,,,,,
AI_SUBTHEME_ACTIVE_CROSS_2PCT,2021-06-01,2021-03-31,,,,,,,,,,,,,,,,,,AI/Datacenter Chips,,,,,,0.00,7.66,7.66,AMD,AMD,,,,,
AI_SUBTHEME_ACTIVE_CROSS_4PCT,2021-06-01,2021-03-31,,,,,,,,,,,,,,,,,,AI/Datacenter Chips,,,,,,0.00,7.66,7.66,AMD,AMD,,,,,
NEW_AI_POSITION_2PCT,2021-06-01,2021-03-31,,,,,,,,,,,,,,,,,,,,,,,,,,,,,AMD,ADVANCED MICRO DEVICES INC,AI/Datacenter Chips,7.66,FALSE
AI_SUBTHEME_ACTIVE_CROSS_2PCT,2021-08-16,2021-06-30,,,,,,,,,,,,,,,,,,AI/Hyperscaler,,,,,,0.00,6.10,6.10,"AMZN, GOOGL","AMZN, GOOGL",,,,,
AI_SUBTHEME_ACTIVE_CROSS_4PCT,2021-08-16,2021-06-30,,,,,,,,,,,,,,,,,,AI/Hyperscaler,,,,,,0.00,6.10,6.10,"AMZN, GOOGL","AMZN, GOOGL",,,,,
NEW_AI_POSITION_2PCT,2021-08-16,2021-06-30,,,,,,,,,,,,,,,,,,,,,,,,,,,,,AMZN,AMAZON COM INC,AI/Hyperscaler,4.19,TRUE
AI_BASKET_RAMP,2022-02-14,2021-12-31,1.37,11.11,9.74,100.00,2,INTC,MU,MRVL,"INTC:6.78, MU:4.33",9.01,0.00,9.01,285097912,MU +$71M,,INTC,MRVL,,,,,,,,,,,,,,,,
AI_SUBTHEME_ACTIVE_CROSS_2PCT,2022-02-14,2021-12-31,,,,,,,,,,,,,,,,,,AI/Datacenter Memory,,,,,,1.29,4.33,3.03,MU,MU,,,,,
AI_SUBTHEME_ACTIVE_CROSS_2PCT,2022-02-14,2021-12-31,,,,,,,,,,,,,,,,,,Semiconductor Manufacturing,,,,,,0.00,6.78,6.78,INTC,INTC,,,,,
AI_SUBTHEME_ACTIVE_CROSS_4PCT,2022-02-14,2021-12-31,,,,,,,,,,,,,,,,,,AI/Datacenter Memory,,,,,,1.29,4.33,3.03,MU,MU,,,,,
AI_SUBTHEME_ACTIVE_CROSS_4PCT,2022-02-14,2021-12-31,,,,,,,,,,,,,,,,,,Semiconductor Manufacturing,,,,,,0.00,6.78,6.78,INTC,INTC,,,,,
NEW_AI_POSITION_2PCT,2022-02-14,2021-12-31,,,,,,,,,,,,,,,,,,,,,,,,,,,,,INTC,INTEL CORP,Semiconductor Manufacturing,6.78,FALSE
AI_SUBTHEME_ACTIVE_CROSS_2PCT,2022-08-15,2022-06-30,,,,,,,,,,,,,,,,,,AI/EV,,,,,,1.93,3.03,1.10,TSLA,TSLA,,,,,
NEW_AI_POSITION_2PCT,2022-08-15,2022-06-30,,,,,,,,,,,,,,,,,,,,,,,,,,,,,META,META PLATFORMS INC,AI/Hyperscaler,9.73,TRUE
NEW_AI_POSITION_2PCT,2022-08-15,2022-06-30,,,,,,,,,,,,,,,,,,,,,,,,,,,,,ORCL,ORACLE CORP,AI/Hyperscaler,3.81,FALSE
AI_BASKET_RAMP,2022-11-14,2022-09-30,0.00,13.53,13.53,100.00,3,"AMD, MRVL, P",,,"AMD:7.80, P:3.39, MRVL:2.33",13.53,0.00,13.53,365574000,,,"AMD, P, MRVL",,,,,,,,,,,,,,,,,
AI_SUBTHEME_ACTIVE_CROSS_2PCT,2022-11-14,2022-09-30,,,,,,,,,,,,,,,,,,AI/Datacenter Chips,,,,,,0.00,10.14,10.14,"AMD, MRVL","AMD, MRVL",,,,,
AI_SUBTHEME_ACTIVE_CROSS_2PCT,2022-11-14,2022-09-30,,,,,,,,,,,,,,,,,,AI/Datacenter Storage,,,,,,0.00,3.39,3.39,P,P,,,,,
AI_SUBTHEME_ACTIVE_CROSS_4PCT,2022-11-14,2022-09-30,,,,,,,,,,,,,,,,,,AI/Datacenter Chips,,,,,,0.00,10.14,10.14,"AMD, MRVL","AMD, MRVL",,,,,
NEW_AI_POSITION_2PCT,2022-11-14,2022-09-30,,,,,,,,,,,,,,,,,,,,,,,,,,,,,AMD,ADVANCED MICRO DEVICES INC,AI/Datacenter Chips,7.80,TRUE
NEW_AI_POSITION_2PCT,2022-11-14,2022-09-30,,,,,,,,,,,,,,,,,,,,,,,,,,,,,P,PURE STORAGE INC,AI/Datacenter Storage,3.39,TRUE
NEW_AI_POSITION_2PCT,2022-11-14,2022-09-30,,,,,,,,,,,,,,,,,,,,,,,,,,,,,MRVL,MARVELL TECHNOLOGY INC,AI/Datacenter Chips,2.33,TRUE
NEW_AI_SUBTHEME,2022-11-14,2022-09-30,,,,,,,,,,,,,,,,,,AI/Datacenter Storage,P,3.39,3.39,TRUE,P,,,,,,,,,,
AI_BASKET_RAMP,2023-02-14,2022-12-31,13.53,21.59,8.06,100.00,4,NVDA,"MRVL, P",,"AMD:9.29, MRVL:6.19, P:3.98, NVDA:2.14",7.41,0.00,7.41,188019697,"MRVL +$102M, AMD +$20M, P +$11M",,NVDA,,,,,,,,,,,,,,,,,
AI_SUBTHEME_ACTIVE_CROSS_2PCT,2023-02-14,2022-12-31,,,,,,,,,,,,,,,,,,AI/EV,,,,,,1.77,3.27,1.51,TSLA,TSLA,,,,,
NEW_AI_POSITION_2PCT,2023-02-14,2022-12-31,,,,,,,,,,,,,,,,,,,,,,,,,,,,,NVDA,NVIDIA CORPORATION,AI/Datacenter Chips,2.14,FALSE
AI_BASKET_RAMP,2023-05-15,2023-03-31,21.59,29.96,8.36,100.00,4,MU,"MRVL, P",NVDA,"AMD:13.46, MRVL:7.94, P:6.58, MU:1.97",7.36,0.00,7.36,207211332,"P +$89M, MRVL +$40M, AMD +$23M",,MU,NVDA,,,,,,,,,,,,,,,,
AI_SUBTHEME_ACTIVE_CROSS_4PCT,2023-05-15,2023-03-31,,,,,,,,,,,,,,,,,,AI/Datacenter Storage,,,,,,3.98,6.58,2.60,P,P,,,,,
NEW_AI_SUBTHEME,2023-08-14,2023-06-30,,,,,,,,,,,,,,,,,,AI/Datacenter Infrastructure,HPE,1.58,1.58,FALSE,,,,,,,,,,,
AI_BASKET_RAMP,2023-11-14,2023-09-30,19.81,26.47,6.65,100.00,5,"CIEN, COHR",AMD,"HPE, MRVL","AMD:12.24, P:9.65, CIEN:2.71, MU:1.67, COHR:0.20",10.87,1.35,9.52,273720798,AMD +$229M,"MU -$35M, P -$4M","CIEN, COHR","MRVL, HPE",,,,,,,,,,,,,,,,
AI_SUBTHEME_ACTIVE_CROSS_2PCT,2023-11-14,2023-09-30,,,,,,,,,,,,,,,,,,AI/Datacenter Optical,,,,,,0.00,2.91,2.91,"CIEN, COHR","CIEN, COHR",,,,,
NEW_AI_POSITION_2PCT,2023-11-14,2023-09-30,,,,,,,,,,,,,,,,,,,,,,,,,,,,,MSFT,MICROSOFT CORP,AI/Hyperscaler,7.13,FALSE
NEW_AI_POSITION_2PCT,2023-11-14,2023-09-30,,,,,,,,,,,,,,,,,,,,,,,,,,,,,GOOGL,ALPHABET INC,AI/Hyperscaler,5.65,FALSE
NEW_AI_POSITION_2PCT,2023-11-14,2023-09-30,,,,,,,,,,,,,,,,,,,,,,,,,,,,,META,META PLATFORMS INC,AI/Hyperscaler,3.94,FALSE
NEW_AI_POSITION_2PCT,2023-11-14,2023-09-30,,,,,,,,,,,,,,,,,,,,,,,,,,,,,CIEN,CIENA CORP,AI/Datacenter Optical,2.71,TRUE
NEW_AI_SUBTHEME,2023-11-14,2023-09-30,,,,,,,,,,,,,,,,,,AI/Datacenter Optical,"CIEN, COHR","2.71, 0.20",2.91,TRUE,"CIEN, COHR",,,,,,,,,,
AI_SUBTHEME_ACTIVE_CROSS_2PCT,2024-02-14,2023-12-31,,,,,,,,,,,,,,,,,,AI/EV,,,,,,1.77,4.99,3.23,TSLA,TSLA,,,,,
AI_SUBTHEME_ACTIVE_CROSS_4PCT,2024-02-14,2023-12-31,,,,,,,,,,,,,,,,,,AI/Datacenter Optical,,,,,,2.91,5.00,2.09,"CIEN, COHR","CIEN, COHR",,,,,
AI_SUBTHEME_ACTIVE_CROSS_4PCT,2024-02-14,2023-12-31,,,,,,,,,,,,,,,,,,AI/EV,,,,,,1.77,4.99,3.23,TSLA,TSLA,,,,,
NEW_AI_POSITION_2PCT,2024-02-14,2023-12-31,,,,,,,,,,,,,,,,,,,,,,,,,,,,,ORCL,ORACLE CORP,AI/Hyperscaler,3.31,FALSE
NEW_AI_POSITION_2PCT,2024-02-14,2023-12-31,,,,,,,,,,,,,,,,,,,,,,,,,,,,,AMZN,AMAZON COM INC,AI/Hyperscaler,2.31,TRUE
AI_BASKET_RAMP,2024-05-15,2024-03-31,19.54,39.66,20.12,100.00,8,"ALAB, LITE, MDB, MRVL, MU",,COHR,"MRVL:8.94, ALAB:5.93, AMD:5.51, MU:5.44, CIEN:4.73",26.16,6.50,19.66,655481376,CIEN +$32M,"P -$145M, AMD -$72M","MRVL, ALAB, MU, MDB, LITE",COHR,,,,,,,,,,,,,,,,
AI_SUBTHEME_ACTIVE_CROSS_2PCT,2024-05-15,2024-03-31,,,,,,,,,,,,,,,,,,AI/Data Infrastructure,,,,,,0.00,3.17,3.17,MDB,MDB,,,,,
AI_SUBTHEME_ACTIVE_CROSS_2PCT,2024-05-15,2024-03-31,,,,,,,,,,,,,,,,,,AI/Datacenter Memory,,,,,,0.00,5.44,5.44,MU,MU,,,,,
AI_SUBTHEME_ACTIVE_CROSS_2PCT,2024-05-15,2024-03-31,,,,,,,,,,,,,,,,,,AI/Datacenter Networking,,,,,,0.00,5.93,5.93,ALAB,ALAB,,,,,
AI_SUBTHEME_ACTIVE_CROSS_4PCT,2024-05-15,2024-03-31,,,,,,,,,,,,,,,,,,AI/Datacenter Memory,,,,,,0.00,5.44,5.44,MU,MU,,,,,
AI_SUBTHEME_ACTIVE_CROSS_4PCT,2024-05-15,2024-03-31,,,,,,,,,,,,,,,,,,AI/Datacenter Networking,,,,,,0.00,5.93,5.93,ALAB,ALAB,,,,,
NEW_AI_POSITION_2PCT,2024-05-15,2024-03-31,,,,,,,,,,,,,,,,,,,,,,,,,,,,,MRVL,MARVELL TECHNOLOGY INC,AI/Datacenter Chips,8.94,FALSE
NEW_AI_POSITION_2PCT,2024-05-15,2024-03-31,,,,,,,,,,,,,,,,,,,,,,,,,,,,,ALAB,ASTERA LABS INC,AI/Datacenter Networking,5.93,TRUE
NEW_AI_POSITION_2PCT,2024-05-15,2024-03-31,,,,,,,,,,,,,,,,,,,,,,,,,,,,,MU,MICRON TECHNOLOGY INC,AI/Datacenter Memory,5.44,TRUE
NEW_AI_POSITION_2PCT,2024-05-15,2024-03-31,,,,,,,,,,,,,,,,,,,,,,,,,,,,,GOOGL,ALPHABET INC,AI/Hyperscaler,4.05,TRUE
NEW_AI_POSITION_2PCT,2024-05-15,2024-03-31,,,,,,,,,,,,,,,,,,,,,,,,,,,,,MDB,MONGODB INC,AI/Data Infrastructure,3.17,FALSE
NEW_AI_SUBTHEME,2024-05-15,2024-03-31,,,,,,,,,,,,,,,,,,AI/Datacenter Networking,ALAB,5.93,5.93,TRUE,ALAB,,,,,,,,,,
NEW_AI_SUBTHEME,2024-05-15,2024-03-31,,,,,,,,,,,,,,,,,,AI/Data Infrastructure,MDB,3.17,3.17,FALSE,,,,,,,,,,,
AI_SUBTHEME_ACTIVE_CROSS_2PCT,2024-08-14,2024-06-30,,,,,,,,,,,,,,,,,,AI/Datacenter Infrastructure,,,,,,0.00,4.13,4.13,HPE,HPE,,,,,
AI_SUBTHEME_ACTIVE_CROSS_2PCT,2024-08-14,2024-06-30,,,,,,,,,,,,,,,,,,AI/EV,,,,,,0.81,4.54,3.73,TSLA,TSLA,,,,,
AI_SUBTHEME_ACTIVE_CROSS_4PCT,2024-08-14,2024-06-30,,,,,,,,,,,,,,,,,,AI/Datacenter Infrastructure,,,,,,0.00,4.13,4.13,HPE,HPE,,,,,
AI_SUBTHEME_ACTIVE_CROSS_4PCT,2024-08-14,2024-06-30,,,,,,,,,,,,,,,,,,AI/EV,,,,,,0.81,4.54,3.73,TSLA,TSLA,,,,,
NEW_AI_POSITION_2PCT,2024-08-14,2024-06-30,,,,,,,,,,,,,,,,,,,,,,,,,,,,,HPE,HEWLETT PACKARD ENTERPRISE C,AI/Datacenter Infrastructure,4.13,FALSE
NEW_AI_SUBTHEME,2024-08-14,2024-06-30,,,,,,,,,,,,,,,,,,Semiconductor Supply Chain,AMKR,0.28,0.28,FALSE,,,,,,,,,,,
AI_BASKET_RAMP,2024-11-14,2024-09-30,35.39,33.99,-1.40,100.00,6,NTNX,"ALAB, AMD, LITE","AMKR, HPE, MRVL, P","ALAB:12.68, AMD:11.44, CIEN:4.62, LITE:3.62, MU:1.35",14.53,4.05,10.48,310299586,"ALAB +$230M, AMD +$168M, LITE +$24M","CIEN -$85M, MU -$35M",NTNX,"MRVL, HPE, P, AMKR",,,,,,,,,,,,,,,,
AI_SUBTHEME_ACTIVE_CROSS_2PCT,2025-02-14,2024-12-31,,,,,,,,,,,,,,,,,,AI/Data Infrastructure,,,,,,0.00,6.24,6.24,"MDB, SNOW","MDB, SNOW",,,,,
AI_SUBTHEME_ACTIVE_CROSS_2PCT,2025-02-14,2024-12-31,,,,,,,,,,,,,,,,,,AI/World Models,,,,,,0.00,2.70,2.70,U,U,,,,,
AI_SUBTHEME_ACTIVE_CROSS_4PCT,2025-02-14,2024-12-31,,,,,,,,,,,,,,,,,,AI/Data Infrastructure,,,,,,0.00,6.24,6.24,"MDB, SNOW","MDB, SNOW",,,,,
NEW_AI_POSITION_2PCT,2025-02-14,2024-12-31,,,,,,,,,,,,,,,,,,,,,,,,,,,,,MSFT,MICROSOFT CORP,AI/Hyperscaler,4.22,TRUE
NEW_AI_POSITION_2PCT,2025-02-14,2024-12-31,,,,,,,,,,,,,,,,,,,,,,,,,,,,,SNOW,SNOWFLAKE INC,AI/Data Infrastructure,3.67,FALSE
NEW_AI_POSITION_2PCT,2025-02-14,2024-12-31,,,,,,,,,,,,,,,,,,,,,,,,,,,,,AVGO,BROADCOM INC,AI/Datacenter Chips,3.29,FALSE
NEW_AI_POSITION_2PCT,2025-02-14,2024-12-31,,,,,,,,,,,,,,,,,,,,,,,,,,,,,U,UNITY SOFTWARE INC,AI/World Models,2.70,TRUE
NEW_AI_POSITION_2PCT,2025-02-14,2024-12-31,,,,,,,,,,,,,,,,,,,,,,,,,,,,,MDB,MONGODB INC,AI/Data Infrastructure,2.57,FALSE
NEW_AI_SUBTHEME,2025-02-14,2024-12-31,,,,,,,,,,,,,,,,,,AI/World Models,U,2.70,2.70,TRUE,U,,,,,,,,,,
AI_BASKET_RAMP,2025-05-15,2025-03-31,34.78,45.31,10.53,100.00,10,"CRWV, NVDA, SNPS","ALAB, MU, U","AVGO, CIEN, LRCX, LSCC, NTNX","ALAB:10.09, AMD:7.85, U:6.72, NVDA:4.28, LITE:4.25",22.28,1.85,20.43,561990623,"ALAB +$168M, U +$110M, MU +$56M, AMD +$19M, LITE +$7M","MDB -$29M, SNOW -$22M","NVDA, CRWV, SNPS","AVGO, LSCC, NTNX, LRCX, CIEN",,,,,,,,,,,,,,,,
AI_SUBTHEME_ACTIVE_CROSS_2PCT,2025-05-15,2025-03-31,,,,,,,,,,,,,,,,,,AI/Datacenter Compute,,,,,,0.00,2.53,2.53,CRWV,CRWV,,,,,
AI_SUBTHEME_ACTIVE_CROSS_2PCT,2025-05-15,2025-03-31,,,,,,,,,,,,,,,,,,AI/Datacenter Memory,,,,,,0.64,2.81,2.17,MU,MU,,,,,
AI_SUBTHEME_ACTIVE_CROSS_2PCT,2025-05-15,2025-03-31,,,,,,,,,,,,,,,,,,Semiconductor Supply Chain,,,,,,0.20,2.38,2.17,SNPS,SNPS,,,,,
AI_SUBTHEME_ACTIVE_CROSS_4PCT,2025-05-15,2025-03-31,,,,,,,,,,,,,,,,,,AI/World Models,,,,,,2.70,6.72,4.02,U,U,,,,,
NEW_AI_POSITION_2PCT,2025-05-15,2025-03-31,,,,,,,,,,,,,,,,,,,,,,,,,,,,,META,META PLATFORMS INC,AI/Hyperscaler,5.02,FALSE
NEW_AI_POSITION_2PCT,2025-05-15,2025-03-31,,,,,,,,,,,,,,,,,,,,,,,,,,,,,NVDA,NVIDIA CORPORATION,AI/Datacenter Chips,4.28,TRUE
NEW_AI_POSITION_2PCT,2025-05-15,2025-03-31,,,,,,,,,,,,,,,,,,,,,,,,,,,,,CRWV,COREWEAVE INC,AI/Datacenter Compute,2.53,TRUE
NEW_AI_POSITION_2PCT,2025-05-15,2025-03-31,,,,,,,,,,,,,,,,,,,,,,,,,,,,,SNPS,SYNOPSYS INC,Semiconductor Supply Chain,2.38,FALSE
NEW_AI_SUBTHEME,2025-05-15,2025-03-31,,,,,,,,,,,,,,,,,,AI/Datacenter Compute,CRWV,2.53,2.53,FALSE,,,,,,,,,,,
AI_SUBTHEME_ACTIVE_CROSS_2PCT,2025-08-14,2025-06-30,,,,,,,,,,,,,,,,,,AI/Datacenter Storage,,,,,,0.00,5.68,5.68,P,P,,,,,
AI_SUBTHEME_ACTIVE_CROSS_2PCT,2025-08-14,2025-06-30,,,,,,,,,,,,,,,,,,AI/EV,,,,,,1.84,2.84,1.00,TSLA,TSLA,,,,,
AI_SUBTHEME_ACTIVE_CROSS_4PCT,2025-08-14,2025-06-30,,,,,,,,,,,,,,,,,,AI/Datacenter Storage,,,,,,0.00,5.68,5.68,P,P,,,,,
NEW_AI_POSITION_2PCT,2025-08-14,2025-06-30,,,,,,,,,,,,,,,,,,,,,,,,,,,,,P,PURE STORAGE INC,AI/Datacenter Storage,5.68,TRUE
NEW_AI_POSITION_2PCT,2025-08-14,2025-06-30,,,,,,,,,,,,,,,,,,,,,,,,,,,,,CIEN,CIENA CORP,AI/Datacenter Optical,2.85,TRUE
AI_SUBTHEME_ACTIVE_CROSS_2PCT,2025-11-14,2025-09-30,,,,,,,,,,,,,,,,,,AI/Datacenter Memory,,,,,,0.24,3.15,2.91,MU,MU,,,,,
AI_SUBTHEME_ACTIVE_CROSS_2PCT,2025-11-14,2025-09-30,,,,,,,,,,,,,,,,,,Semiconductor Manufacturing,,,,,,0.00,2.28,2.28,INTC,INTC,,,,,
NEW_AI_POSITION_2PCT,2025-11-14,2025-09-30,,,,,,,,,,,,,,,,,,,,,,,,,,,,,COHR,COHERENT CORP,AI/Datacenter Optical,2.56,TRUE
NEW_AI_POSITION_2PCT,2025-11-14,2025-09-30,,,,,,,,,,,,,,,,,,,,,,,,,,,,,INTC,INTEL CORP,Semiconductor Manufacturing,2.28,FALSE
AI_BASKET_RAMP,2026-02-17,2025-12-31,41.48,50.21,8.73,100.00,14,,"ALAB, COHR, NVDA","AMD, SNPS","NVDA:7.62, CIEN:7.09, U:6.21, P:5.94, ALAB:5.69",13.79,3.81,9.98,470327590,"ALAB +$258M, NVDA +$252M, COHR +$59M, CRWV +$39M, U +$23M, CIEN +$6M, P +$5M, MU +$4M, SNOW +$2M, SMTC +$1M, AMBQ +$0M, ROG +$0M","LITE -$101M, INTC -$78M",,"AMD, SNPS",,,,,,,,,,,,,,,,
AI_SUBTHEME_ACTIVE_CROSS_2PCT,2026-02-17,2025-12-31,,,,,,,,,,,,,,,,,,AI/Datacenter Networking,,,,,,0.32,5.69,5.37,ALAB,ALAB,,,,,
AI_SUBTHEME_ACTIVE_CROSS_4PCT,2026-02-17,2025-12-31,,,,,,,,,,,,,,,,,,AI/Datacenter Networking,,,,,,0.32,5.69,5.37,ALAB,ALAB,,,,,
AI_SUBTHEME_ACTIVE_CROSS_2PCT,2026-05-18,2026-03-31,,,,,,,,,,,,,,,,,,AI/Edge Computing,,,,,,1.50,3.46,1.96,AKAM,"AKAM, AMBQ, SMTC",,,,,
AI_SUBTHEME_ACTIVE_CROSS_2PCT,2026-05-18,2026-03-31,,,,,,,,,,,,,,,,,,Semiconductor Supply Chain,,,,,,0.33,2.00,1.67,"SNPS, VECO","ROG, SNPS, VECO",,,,,
NEW_AI_SUBTHEME,2026-05-18,2026-03-31,,,,,,,,,,,,,,,,,,AI/Datacenter Power,VST,1.92,1.92,FALSE,,,,,,,,,,,
NEW_AI_POSITION_2PCT,2026-08-14,2026-06-30,,,,,,,,,,,,,,,,,,,,,,,,,,,,,CBRS,CEREBRAS SYSTEMS INC,AI/Datacenter Chips,10.61,FALSE
NEW_AI_POSITION_2PCT,2026-08-14,2026-06-30,,,,,,,,,,,,,,,,,,,,,,,,,,,,,META,META PLATFORMS INC,AI/Hyperscaler,3.50,FALSE
