ticker,company,security_type,change_type,prior_shares,current_shares,shares_delta,shares_delta_pct,prior_value,current_value,value_delta,mtm_component,trading_component,recon_gap,basket
SPCX,SPACE EXPLORATION TECHN CORP,COMMON,IPO_RECLASSIFICATION,,27332943,,,,4670106641,,0,0,,Orbital / space-based compute
MU,MICRON TECHNOLOGY INC,COMMON,DRIFT_UP,760426,711364,-49062,-6.45190985053115,256902320,821120352,564218032,620849808,-56631776,0,DRAM / HBM memory bottleneck
CBRS,CEREBRAS SYSTEMS INC,COMMON,NEW,,3110086,,,0.0,687329006,687329006.0,0,687329006,0,AI/Datacenter Chips
ALAB,ASTERA LABS INC,COMMON,ACTIVE_TRIM,3365787,1216795,-2148992,-63.84812823865562,368890255,587736321,218846066,1256852182,-1038006116,0,AI/Datacenter Networking
CIEN,CIENA CORP,COMMON,DRIFT_DOWN,676807,688521,11714,1.7307740611429847,262756782,337760862,75004080,69257660,5746420,0,AI/Datacenter Optical
,CREDO TECHNOLOGY GROUP HOLDI,COMMON,HOLD,1091233,1129285,38052,3.4870646323928987,102434042,307109056,204675014,194326773,10348241,0,AI/Datacenter Networking
PANW,PALO ALTO NETWORKS INC,COMMON,HOLD,561797,876954,315157,56.098021171348364,90067295,299058853,208991558,101516718,107474840,0,Cybersecurity
U,UNITY SOFTWARE INC,COMMON,ACTIVE_TRIM,12385322,10245819,-2139503,-17.27450444970264,271733965,292825507,21091542,82238538,-61146996,0,AI/World Models
COHR,COHERENT CORP,COMMON,DRIFT_DOWN,631159,642101,10942,1.7336360568414615,150348385,253289581,102941196,98624905,4316291,0,AI/Datacenter Optical
NVDA,NVIDIA CORPORATION,COMMON,DRIFT_DOWN,1248592,1249291,699,0.05598305931801581,217754445,249970636,32216191,32076328,139863,0,Nvidia GPU moat / CUDA ecosystem
AMZN,AMAZON COM INC,COMMON,DRIFT_DOWN,953560,969629,16069,1.6851587734384832,198597941,231101376,32503435,28673550,3829885,0,Hyperscalers (quasi-index)
META,META PLATFORMS INC,COMMON,NEW,,402770,,,0.0,226876313,226876313.0,0,226876313,0,Hyperscalers (quasi-index)
CRWV,COREWEAVE INC,COMMON,HOLD,810535,2124845,1314310,162.15339251235295,62792146,211507071,148714925,17888508,130826417,0,Neoclouds as durable model
GOOGL,ALPHABET INC,COMMON,ACTIVE_TRIM,555023,488296,-66727,-12.022384657933095,159602414,174502342,14899928,38746156,-23846228,0,Hyperscalers (quasi-index)
TWLO,TWILIO INC,COMMON,ACTIVE_TRIM,921602,720338,-201264,-21.838494274100967,115955964,148627340,32671376,74198177,-41526801,0,Enterprise SaaS
APH,AMPHENOL CORP,COMMON,NEW,,640069,,,0.0,112856966,112856966.0,0,112856966,0,AI/Datacenter Networking
AKAM,AKAMAI TECHNOLOGIES INC,COMMON,HOLD,682837,910583,227746,33.35290852721806,78423829,107640016,29216187,2294332,26921855,0,AI/Edge Computing
AFRM,AFFIRM HLDGS INC,COMMON,HOLD,1194711,1273050,78339,6.5571506414522,54741658,103817228,49075570,42687025,6388545,0,Fintech
GTLB,GITLAB INC,COMMON,NEW,,3373169,,,0.0,102982850,102982850.0,0,102982850,0,Enterprise SaaS
INTC,INTEL CORP,COMMON,HOLD,653792,663802,10010,1.5310679849248692,28851841,92686673,63834832,62437136,1397696,0,Semiconductor Manufacturing
SMTC,SEMTECH CORP,COMMON,HOLD,541812,551214,9402,1.7352882549666673,41659925,89213986,47554061,46032347,1521714,0,AI/Edge Computing
CIFR,CIPHER DIGITAL INC,COMMON,NEW,,3586409,,,0.0,87867021,87867021.0,0,87867021,0,AI/Datacenter Power
TSLA,TESLA INC,COMMON,DRIFT_DOWN,200795,204275,3480,1.7331108842351652,74645541,85918065,11272524,9808836,1463688,0,Humanoid robotics / Tesla Optimus
DKS,DICKS SPORTING GOODS INC,COMMON,ACTIVE_TRIM,452531,375118,-77413,-17.10667335497458,89732372,85080514,-4651858,12906185,-17558043,0,Consumer Discretionary
W,WAYFAIR INC,COMMON,ACTIVE_TRIM,1430997,843860,-587137,-41.02992528985036,107625284,77989541,-29635743,24627458,-54263201,0,E-commerce
AMBQ,AMBIQ MICRO INC,COMMON,HOLD,862175,877123,14948,1.7337547481659756,21907867,77449961,55542094,54222186,1319908,0,AI/Edge Computing
IOT,SAMSARA INC,COMMON,NEW,,2308649,,,0.0,74869487,74869487.0,0,74869487,0,Industrial IoT
ACVA,ACV AUCTIONS INC,COMMON,HOLD,9734467,9903239,168772,1.7337569689229004,41274140,71204288,29930148,28716677,1213471,0,E-commerce
COMP,COMPASS INC,COMMON,HOLD,5561998,5658421,96423,1.733603643870422,40658205,69768331,29110126,27921230,1188896,0,Real Estate
,WIX COM LTD,COMMON,HOLD,650414,1458458,808044,124.23533318778502,58582789,66170239,7587450,-29073506,36660956,0,Web / SMB SaaS
MA,MASTERCARD INCORPORATED,COMMON,HOLD,49604,93629,44025,88.75292315135877,24785135,48087854,23302719,691479,22611240,0,Payments
PDFS,PDF SOLUTIONS INC,COMMON,NEW,,658536,,,0.0,46617763,46617763.0,0,46617763,0,Semiconductor Supply Chain
TTAN,SERVICETITAN INC,COMMON,NEW,,542092,,,0.0,38331325,38331325.0,0,38331325,0,Enterprise SaaS
FERG,FERGUSON ENTERPRISES INC,COMMON,HOLD,146355,147759,1404,0.9593112637081069,34138767,35067643,928876,595665,333211,0,Construction
NOK,NOKIA CORP,COMMON,HOLD,2481947,2524974,43027,1.7335986626628208,19954854,33531655,13576801,13005402,571399,0,Telecom
ROG,ROGERS CORP,COMMON,HOLD,186085,189311,3226,1.7336163581159147,19972503,30995890,11023387,10495194,528193,0,Semiconductor Supply Chain
NTRA,NATERA INC,COMMON,NEW,,104385,,,0.0,28335308,28335308.0,0,28335308,0,Healthcare/Diagnostics
WRBY,WARBY PARKER INC,COMMON,HOLD,686995,698903,11908,1.7333459486604708,14474985,21204717,6729732,6368443,361289,0,Consumer Discretionary
VECO,VEECO INSTRS INC DEL,COMMON,HOLD,233923,237919,3996,1.708254425601587,7920633,18034260,10113627,9810730,302897,0,Semiconductor Supply Chain
,NEBIUS GROUP N.V.,COMMON,HOLD,63068,64125,1057,1.675968795585717,6543936,17709401,11165465,10873553,291912,0,Neoclouds as durable model
,INNIO NV,COMMON,NEW,,348696,,,0.0,13790927,13790927.0,0,13790927,0,AI/Datacenter Power
EQPT,EQUIPMENTSHARE COM INC,COMMON,HOLD,213431,217131,3700,1.7335813447905881,4347589,4268795,-78794,-151536,72742,0,Construction
,TABOOLA.COM LTD,COMMON,HOLD,820797,835026,14229,1.7335589676862853,2544471,4175130,1630659,1559514,71145,0,AdTech / digital advertising
QNT,QUANTINUUM INC,COMMON,NEW,,39853,,,0.0,3257584,3257584.0,0,3257584,0,Quantum Computing
FRVO,FERVO ENERGY CO,COMMON,NEW,,9959,,,0.0,291102,291102.0,0,291102,0,AI/Datacenter Power
BTGO,BITGO HOLDINGS INC,COMMON,HOLD,29106,29611,505,1.7350374493231635,239542,153385,-86157,-88773,2616,0,Crypto
AVAV,,COMMON,EXIT,,,,,29594609.0,0.0,-29594609,0,-29594609,0,Defense
AXON,,COMMON,EXIT,,,,,43358726.0,0.0,-43358726,0,-43358726,0,Defense/Security
CHYM,,COMMON,EXIT,,,,,30393808.0,0.0,-30393808,0,-30393808,0,Fintech
SATS,,COMMON,EXIT,,,,,117110506.0,0.0,-117110506,0,-117110506,0,Telecom
HUBS,,COMMON,EXIT,,,,,56659272.0,0.0,-56659272,0,-56659272,0,Enterprise SaaS
LITE,,COMMON,EXIT,,,,,187910294.0,0.0,-187910294,0,-187910294,0,AI/Datacenter Optical
RL,,COMMON,EXIT,,,,,44318640.0,0.0,-44318640,0,-44318640,0,Consumer Discretionary
RBLX,,CALL,EXIT,,,,,56560000.0,0.0,-56560000,0,-56560000,0,Gaming/Metaverse
RBLX,,COMMON,EXIT,,,,,78262242.0,0.0,-78262242,0,-78262242,0,Gaming/Metaverse
RKT,,COMMON,EXIT,,,,,87137995.0,0.0,-87137995,0,-87137995,0,Fintech
RBRK,,COMMON,EXIT,,,,,27739252.0,0.0,-27739252,0,-27739252,0,Cybersecurity
SNOW,,COMMON,EXIT,,,,,21841451.0,0.0,-21841451,0,-21841451,0,AI/Data Infrastructure
SNPS,,COMMON,EXIT,,,,,54288024.0,0.0,-54288024,0,-54288024,0,Semiconductor Supply Chain
U,,CALL,EXIT,,,,,32910000.0,0.0,-32910000,0,-32910000,0,AI/World Models
V,,COMMON,EXIT,,,,,21652776.0,0.0,-21652776,0,-21652776,0,Payments
VST,,COMMON,EXIT,,,,,78741050.0,0.0,-78741050,0,-78741050,0,AI/Datacenter Power
WING,,COMMON,EXIT,,,,,41888856.0,0.0,-41888856,0,-41888856,0,Consumer Discretionary
ZM,,COMMON,EXIT,,,,,105761486.0,0.0,-105761486,0,-105761486,0,Enterprise SaaS
,,COMMON,EXIT,,,,,21109897.0,0.0,-21109897,0,-21109897,0,Semiconductor Manufacturing
,,COMMON,EXIT,,,,,26045540.0,0.0,-26045540,0,-26045540,0,Enterprise SaaS
