ticker,period_start_filing,period_end_filing,price_start,price_end,return_pct
AKAM,2020-05-15,2020-08-14,98.09,107.90,10.00
AKAM,2020-08-14,2020-11-16,107.90,101.68,-5.76
AKAM,2020-11-16,2021-02-16,101.68,98.88,-2.75
AKAM,2021-02-16,2021-06-01,98.88,113.85,15.14
AKAM,2021-06-01,2021-08-16,113.85,115.26,1.24
AKAM,2021-08-16,2021-11-15,115.26,108.48,-5.88
AKAM,2021-11-15,2022-02-14,108.48,110.65,2.00
AKAM,2022-02-14,2022-05-16,110.65,98.92,-10.60
AKAM,2022-05-16,2022-08-15,98.92,97.08,-1.86
AKAM,2022-08-15,2022-11-14,97.08,91.53,-5.72
AKAM,2022-11-14,2023-02-14,91.53,87.79,-4.09
AKAM,2023-02-14,2023-05-15,87.79,85.92,-2.13
AKAM,2023-05-15,2023-08-14,85.92,103.95,20.98
AKAM,2023-08-14,2023-11-14,103.95,112.12,7.86
AKAM,2023-11-14,2024-02-14,112.12,114.80,2.39
AKAM,2024-02-14,2024-05-15,114.80,95.98,-16.39
AKAM,2024-05-15,2024-08-14,95.98,99.73,3.91
AKAM,2024-08-14,2024-11-14,99.73,88.35,-11.41
AKAM,2024-11-14,2025-02-14,88.35,100.01,13.20
AKAM,2025-02-14,2025-05-15,100.01,76.51,-23.50
AKAM,2025-05-15,2025-08-14,76.51,74.27,-2.93
AKAM,2025-08-14,2025-11-14,74.27,87.17,17.37
AKAM,2025-11-14,2026-02-17,87.17,108.42,24.38
AKAM,2026-02-17,2026-05-18,108.42,150.77,39.06
ALAB,2020-05-15,2020-08-14,,,PRE_IPO
ALAB,2020-08-14,2020-11-16,,,PRE_IPO
ALAB,2020-11-16,2021-02-16,,,PRE_IPO
ALAB,2021-02-16,2021-06-01,,,PRE_IPO
ALAB,2021-06-01,2021-08-16,,,PRE_IPO
ALAB,2021-08-16,2021-11-15,,,PRE_IPO
ALAB,2021-11-15,2022-02-14,,,PRE_IPO
ALAB,2022-02-14,2022-05-16,,,PRE_IPO
ALAB,2022-05-16,2022-08-15,,,PRE_IPO
ALAB,2022-08-15,2022-11-14,,,PRE_IPO
ALAB,2022-11-14,2023-02-14,,,PRE_IPO
ALAB,2023-02-14,2023-05-15,,,PRE_IPO
ALAB,2023-05-15,2023-08-14,,,PRE_IPO
ALAB,2023-08-14,2023-11-14,,,PRE_IPO
ALAB,2023-11-14,2024-02-14,,,PRE_IPO
ALAB,2024-02-14,2024-05-15,,,PRE_IPO
ALAB,2024-05-15,2024-08-14,77.42,38.86,-49.81
ALAB,2024-08-14,2024-11-14,38.86,88.49,127.71
ALAB,2024-11-14,2025-02-14,88.49,87.85,-0.72
ALAB,2025-02-14,2025-05-15,87.85,92.19,4.94
ALAB,2025-05-15,2025-08-14,92.19,190.69,106.84
ALAB,2025-08-14,2025-11-14,190.69,144.34,-24.31
ALAB,2025-11-14,2026-02-17,144.34,123.69,-14.31
ALAB,2026-02-17,2026-05-18,123.69,215.58,74.29
AMBQ,2020-05-15,2020-08-14,,,PRE_IPO
AMBQ,2020-08-14,2020-11-16,,,PRE_IPO
AMBQ,2020-11-16,2021-02-16,,,PRE_IPO
AMBQ,2021-02-16,2021-06-01,,,PRE_IPO
AMBQ,2021-06-01,2021-08-16,,,PRE_IPO
AMBQ,2021-08-16,2021-11-15,,,PRE_IPO
AMBQ,2021-11-15,2022-02-14,,,PRE_IPO
AMBQ,2022-02-14,2022-05-16,,,PRE_IPO
AMBQ,2022-05-16,2022-08-15,,,PRE_IPO
AMBQ,2022-08-15,2022-11-14,,,PRE_IPO
AMBQ,2022-11-14,2023-02-14,,,PRE_IPO
AMBQ,2023-02-14,2023-05-15,,,PRE_IPO
AMBQ,2023-05-15,2023-08-14,,,PRE_IPO
AMBQ,2023-08-14,2023-11-14,,,PRE_IPO
AMBQ,2023-11-14,2024-02-14,,,PRE_IPO
AMBQ,2024-02-14,2024-05-15,,,PRE_IPO
AMBQ,2024-05-15,2024-08-14,,,PRE_IPO
AMBQ,2024-08-14,2024-11-14,,,PRE_IPO
AMBQ,2024-11-14,2025-02-14,,,PRE_IPO
AMBQ,2025-02-14,2025-05-15,,,PRE_IPO
AMBQ,2025-05-15,2025-08-14,,,PRE_IPO
AMBQ,2025-08-14,2025-11-14,37.79,24.66,-34.74
AMBQ,2025-11-14,2026-02-17,24.66,29.63,20.15
AMBQ,2026-02-17,2026-05-18,29.63,71.34,140.77
AMD,2020-05-15,2020-08-14,54.20,81.30,50.00
AMD,2020-08-14,2020-11-16,81.30,83.73,2.99
AMD,2020-11-16,2021-02-16,83.73,91.46,9.23
AMD,2021-02-16,2021-06-01,91.46,80.81,-11.64
AMD,2021-06-01,2021-08-16,80.81,107.48,33.00
AMD,2021-08-16,2021-11-15,107.48,146.49,36.30
AMD,2021-11-15,2022-02-14,146.49,114.27,-21.99
AMD,2022-02-14,2022-05-16,114.27,94.24,-17.53
AMD,2022-05-16,2022-08-15,94.24,101.01,7.18
AMD,2022-08-15,2022-11-14,101.01,73.53,-27.21
AMD,2022-11-14,2023-02-14,73.53,85.95,16.89
AMD,2023-02-14,2023-05-15,85.95,97.40,13.32
AMD,2023-05-15,2023-08-14,97.40,111.98,14.97
AMD,2023-08-14,2023-11-14,111.98,119.88,7.05
AMD,2023-11-14,2024-02-14,119.88,178.70,49.07
AMD,2024-02-14,2024-05-15,178.70,159.67,-10.65
AMD,2024-05-15,2024-08-14,159.67,140.75,-11.85
AMD,2024-08-14,2024-11-14,140.75,138.84,-1.36
AMD,2024-11-14,2025-02-14,138.84,113.10,-18.54
AMD,2025-02-14,2025-05-15,113.10,114.99,1.67
AMD,2025-05-15,2025-08-14,114.99,180.95,57.36
AMD,2025-08-14,2025-11-14,180.95,246.81,36.40
AMD,2025-11-14,2026-02-17,246.81,203.08,-17.72
AMD,2026-02-17,2026-05-18,203.08,420.99,107.30
AMKR,2020-05-15,2020-08-14,8.72,12.50,43.34
AMKR,2020-08-14,2020-11-16,12.50,12.74,1.93
AMKR,2020-11-16,2021-02-16,12.74,23.24,82.40
AMKR,2021-02-16,2021-06-01,23.24,20.08,-13.60
AMKR,2021-06-01,2021-08-16,20.08,24.30,20.99
AMKR,2021-08-16,2021-11-15,24.30,21.89,-9.91
AMKR,2021-11-15,2022-02-14,21.89,19.84,-9.38
AMKR,2022-02-14,2022-05-16,19.84,17.94,-9.55
AMKR,2022-05-16,2022-08-15,17.94,21.17,18.00
AMKR,2022-08-15,2022-11-14,21.17,24.72,16.76
AMKR,2022-11-14,2023-02-14,24.72,26.14,5.75
AMKR,2023-02-14,2023-05-15,26.14,20.76,-20.60
AMKR,2023-05-15,2023-08-14,20.76,25.08,20.81
AMKR,2023-08-14,2023-11-14,25.08,24.05,-4.11
AMKR,2023-11-14,2024-02-14,24.05,29.28,21.75
AMKR,2024-02-14,2024-05-15,29.28,32.44,10.79
AMKR,2024-05-15,2024-08-14,32.44,30.64,-5.54
AMKR,2024-08-14,2024-11-14,30.64,25.11,-18.03
AMKR,2024-11-14,2025-02-14,25.11,22.13,-11.90
AMKR,2025-02-14,2025-05-15,22.13,19.66,-11.13
AMKR,2025-05-15,2025-08-14,19.66,24.31,23.63
AMKR,2025-08-14,2025-11-14,24.31,31.52,29.65
AMKR,2025-11-14,2026-02-17,31.52,46.70,48.16
AMKR,2026-02-17,2026-05-18,46.70,65.97,41.26
AMZN,2020-05-15,2020-08-14,120.49,157.40,30.64
AMZN,2020-08-14,2020-11-16,157.40,156.55,-0.54
AMZN,2020-11-16,2021-02-16,156.55,163.45,4.40
AMZN,2021-02-16,2021-06-01,163.45,160.93,-1.54
AMZN,2021-06-01,2021-08-16,160.93,164.95,2.50
AMZN,2021-08-16,2021-11-15,164.95,177.28,7.48
AMZN,2021-11-15,2022-02-14,177.28,155.17,-12.48
AMZN,2022-02-14,2022-05-16,155.17,110.81,-28.59
AMZN,2022-05-16,2022-08-15,110.81,143.18,29.21
AMZN,2022-08-15,2022-11-14,143.18,98.49,-31.21
AMZN,2022-11-14,2023-02-14,98.49,99.70,1.23
AMZN,2023-02-14,2023-05-15,99.70,111.20,11.53
AMZN,2023-05-15,2023-08-14,111.20,140.57,26.41
AMZN,2023-08-14,2023-11-14,140.57,145.80,3.72
AMZN,2023-11-14,2024-02-14,145.80,170.98,17.27
AMZN,2024-02-14,2024-05-15,170.98,185.99,8.78
AMZN,2024-05-15,2024-08-14,185.99,170.10,-8.54
AMZN,2024-08-14,2024-11-14,170.10,211.48,24.33
AMZN,2024-11-14,2025-02-14,211.48,228.68,8.13
AMZN,2025-02-14,2025-05-15,228.68,205.17,-10.28
AMZN,2025-05-15,2025-08-14,205.17,230.98,12.58
AMZN,2025-08-14,2025-11-14,230.98,234.69,1.61
AMZN,2025-11-14,2026-02-17,234.69,201.15,-14.29
AMZN,2026-02-17,2026-05-18,201.15,264.86,31.67
AVGO,2020-05-15,2020-08-14,22.70,28.87,27.18
AVGO,2020-08-14,2020-11-16,28.87,33.84,17.22
AVGO,2020-11-16,2021-02-16,33.84,43.84,29.54
AVGO,2021-02-16,2021-06-01,43.84,42.30,-3.51
AVGO,2021-06-01,2021-08-16,42.30,44.44,5.05
AVGO,2021-08-16,2021-11-15,44.44,51.88,16.75
AVGO,2021-11-15,2022-02-14,51.88,53.40,2.92
AVGO,2022-02-14,2022-05-16,53.40,54.14,1.39
AVGO,2022-05-16,2022-08-15,54.14,52.36,-3.28
AVGO,2022-08-15,2022-11-14,52.36,48.48,-7.41
AVGO,2022-11-14,2023-02-14,48.48,57.37,18.34
AVGO,2023-02-14,2023-05-15,57.37,61.38,6.99
AVGO,2023-05-15,2023-08-14,61.38,82.38,34.21
AVGO,2023-08-14,2023-11-14,82.38,94.35,14.54
AVGO,2023-11-14,2024-02-14,94.35,122.97,30.33
AVGO,2024-02-14,2024-05-15,122.97,140.51,14.27
AVGO,2024-05-15,2024-08-14,140.51,154.77,10.15
AVGO,2024-08-14,2024-11-14,154.77,167.77,8.40
AVGO,2024-11-14,2025-02-14,167.77,230.08,37.14
AVGO,2025-02-14,2025-05-15,230.08,230.38,0.13
AVGO,2025-05-15,2025-08-14,230.38,308.94,34.10
AVGO,2025-08-14,2025-11-14,308.94,340.53,10.22
AVGO,2025-11-14,2026-02-17,340.53,331.29,-2.71
AVGO,2026-02-17,2026-05-18,331.29,420.01,26.78
CIEN,2020-05-15,2020-08-14,49.65,59.74,20.32
CIEN,2020-08-14,2020-11-16,59.74,44.13,-26.13
CIEN,2020-11-16,2021-02-16,44.13,55.62,26.04
CIEN,2021-02-16,2021-06-01,55.62,53.50,-3.81
CIEN,2021-06-01,2021-08-16,53.50,55.99,4.65
CIEN,2021-08-16,2021-11-15,55.99,61.55,9.93
CIEN,2021-11-15,2022-02-14,61.55,63.82,3.69
CIEN,2022-02-14,2022-05-16,63.82,51.37,-19.51
CIEN,2022-05-16,2022-08-15,51.37,55.17,7.40
CIEN,2022-08-15,2022-11-14,55.17,44.69,-19.00
CIEN,2022-11-14,2023-02-14,44.69,48.99,9.62
CIEN,2023-02-14,2023-05-15,48.99,44.42,-9.33
CIEN,2023-05-15,2023-08-14,44.42,42.06,-5.31
CIEN,2023-08-14,2023-11-14,42.06,45.67,8.58
CIEN,2023-11-14,2024-02-14,45.67,57.38,25.64
CIEN,2024-02-14,2024-05-15,57.38,49.32,-14.05
CIEN,2024-05-15,2024-08-14,49.32,50.03,1.44
CIEN,2024-08-14,2024-11-14,50.03,69.75,39.42
CIEN,2024-11-14,2025-02-14,69.75,89.80,28.75
CIEN,2025-02-14,2025-05-15,89.80,79.80,-11.14
CIEN,2025-05-15,2025-08-14,79.80,91.42,14.56
CIEN,2025-08-14,2025-11-14,91.42,191.71,109.70
CIEN,2025-11-14,2026-02-17,191.71,302.33,57.70
CIEN,2026-02-17,2026-05-18,302.33,524.53,73.50
COHR,2020-05-15,2020-08-14,40.01,46.57,16.40
COHR,2020-08-14,2020-11-16,46.57,60.27,29.42
COHR,2020-11-16,2021-02-16,60.27,91.95,52.56
COHR,2021-02-16,2021-06-01,91.95,67.62,-26.46
COHR,2021-06-01,2021-08-16,67.62,62.23,-7.97
COHR,2021-08-16,2021-11-15,62.23,65.35,5.01
COHR,2021-11-15,2022-02-14,65.35,67.65,3.52
COHR,2022-02-14,2022-05-16,67.65,62.25,-7.98
COHR,2022-05-16,2022-08-15,62.25,53.25,-14.46
COHR,2022-08-15,2022-11-14,53.25,37.89,-28.85
COHR,2022-11-14,2023-02-14,37.89,44.43,17.26
COHR,2023-02-14,2023-05-15,44.43,28.77,-35.25
COHR,2023-05-15,2023-08-14,28.77,47.61,65.48
COHR,2023-08-14,2023-11-14,47.61,35.43,-25.58
COHR,2023-11-14,2024-02-14,35.43,62.01,75.02
COHR,2024-02-14,2024-05-15,62.01,57.08,-7.95
COHR,2024-05-15,2024-08-14,57.08,66.99,17.36
COHR,2024-08-14,2024-11-14,66.99,100.01,49.29
COHR,2024-11-14,2025-02-14,100.01,86.80,-13.21
COHR,2025-02-14,2025-05-15,86.80,78.82,-9.19
COHR,2025-05-15,2025-08-14,78.82,91.65,16.28
COHR,2025-08-14,2025-11-14,91.65,139.33,52.02
COHR,2025-11-14,2026-02-17,139.33,219.96,57.87
COHR,2026-02-17,2026-05-18,219.96,362.83,64.95
CRWV,2020-05-15,2020-08-14,,,PRE_IPO
CRWV,2020-08-14,2020-11-16,,,PRE_IPO
CRWV,2020-11-16,2021-02-16,,,PRE_IPO
CRWV,2021-02-16,2021-06-01,,,PRE_IPO
CRWV,2021-06-01,2021-08-16,,,PRE_IPO
CRWV,2021-08-16,2021-11-15,,,PRE_IPO
CRWV,2021-11-15,2022-02-14,,,PRE_IPO
CRWV,2022-02-14,2022-05-16,,,PRE_IPO
CRWV,2022-05-16,2022-08-15,,,PRE_IPO
CRWV,2022-08-15,2022-11-14,,,PRE_IPO
CRWV,2022-11-14,2023-02-14,,,PRE_IPO
CRWV,2023-02-14,2023-05-15,,,PRE_IPO
CRWV,2023-05-15,2023-08-14,,,PRE_IPO
CRWV,2023-08-14,2023-11-14,,,PRE_IPO
CRWV,2023-11-14,2024-02-14,,,PRE_IPO
CRWV,2024-02-14,2024-05-15,,,PRE_IPO
CRWV,2024-05-15,2024-08-14,,,PRE_IPO
CRWV,2024-08-14,2024-11-14,,,PRE_IPO
CRWV,2024-11-14,2025-02-14,,,PRE_IPO
CRWV,2025-02-14,2025-05-15,,,PRE_IPO
CRWV,2025-05-15,2025-08-14,65.77,99.50,51.29
CRWV,2025-08-14,2025-11-14,99.50,77.36,-22.26
CRWV,2025-11-14,2026-02-17,77.36,91.00,17.63
CRWV,2026-02-17,2026-05-18,91.00,103.77,14.03
GOOGL,2020-05-15,2020-08-14,68.05,74.57,9.58
GOOGL,2020-08-14,2020-11-16,74.57,87.92,17.90
GOOGL,2020-11-16,2021-02-16,87.92,104.61,18.98
GOOGL,2021-02-16,2021-06-01,104.61,118.01,12.81
GOOGL,2021-06-01,2021-08-16,118.01,137.09,16.17
GOOGL,2021-08-16,2021-11-15,137.09,147.15,7.33
GOOGL,2021-11-15,2022-02-14,147.15,134.33,-8.71
GOOGL,2022-02-14,2022-05-16,134.33,113.44,-15.55
GOOGL,2022-05-16,2022-08-15,113.44,121.01,6.67
GOOGL,2022-08-15,2022-11-14,121.01,94.86,-21.61
GOOGL,2022-11-14,2023-02-14,94.86,93.85,-1.07
GOOGL,2023-02-14,2023-05-15,93.85,115.49,23.06
GOOGL,2023-05-15,2023-08-14,115.49,130.18,12.72
GOOGL,2023-08-14,2023-11-14,130.18,132.45,1.74
GOOGL,2023-11-14,2024-02-14,132.45,144.66,9.22
GOOGL,2024-02-14,2024-05-15,144.66,170.99,18.21
GOOGL,2024-05-15,2024-08-14,170.99,159.14,-6.93
GOOGL,2024-08-14,2024-11-14,159.14,174.47,9.63
GOOGL,2024-11-14,2025-02-14,174.47,184.27,5.62
GOOGL,2025-02-14,2025-05-15,184.27,163.30,-11.38
GOOGL,2025-05-15,2025-08-14,163.30,202.36,23.92
GOOGL,2025-08-14,2025-11-14,202.36,275.87,36.32
GOOGL,2025-11-14,2026-02-17,275.87,301.63,9.34
GOOGL,2026-02-17,2026-05-18,301.63,396.70,31.52
HPE,2020-05-15,2020-08-14,7.53,8.08,7.26
HPE,2020-08-14,2020-11-16,8.08,8.99,11.34
HPE,2020-11-16,2021-02-16,8.99,12.22,35.88
HPE,2021-02-16,2021-06-01,12.22,13.86,13.44
HPE,2021-06-01,2021-08-16,13.86,13.02,-6.06
HPE,2021-08-16,2021-11-15,13.02,12.87,-1.19
HPE,2021-11-15,2022-02-14,12.87,14.88,15.65
HPE,2022-02-14,2022-05-16,14.88,14.19,-4.64
HPE,2022-05-16,2022-08-15,14.19,13.31,-6.18
HPE,2022-08-15,2022-11-14,13.31,13.85,4.03
HPE,2022-11-14,2023-02-14,13.85,15.06,8.76
HPE,2023-02-14,2023-05-15,15.06,13.13,-12.85
HPE,2023-05-15,2023-08-14,13.13,16.29,24.06
HPE,2023-08-14,2023-11-14,16.29,15.30,-6.04
HPE,2023-11-14,2024-02-14,15.30,14.31,-6.52
HPE,2024-02-14,2024-05-15,14.31,17.00,18.85
HPE,2024-05-15,2024-08-14,17.00,16.92,-0.46
HPE,2024-08-14,2024-11-14,16.92,20.46,20.88
HPE,2024-11-14,2025-02-14,20.46,20.94,2.37
HPE,2025-02-14,2025-05-15,20.94,17.14,-18.18
HPE,2025-05-15,2025-08-14,17.14,20.89,21.88
HPE,2025-08-14,2025-11-14,20.89,22.48,7.65
HPE,2025-11-14,2026-02-17,22.48,21.77,-3.19
HPE,2026-02-17,2026-05-18,21.77,32.90,51.17
INTC,2020-05-15,2020-08-14,51.96,43.88,-15.54
INTC,2020-08-14,2020-11-16,43.88,41.76,-4.84
INTC,2020-11-16,2021-02-16,41.76,56.82,36.07
INTC,2021-02-16,2021-06-01,56.82,52.06,-8.37
INTC,2021-06-01,2021-08-16,52.06,49.25,-5.40
INTC,2021-08-16,2021-11-15,49.25,46.67,-5.24
INTC,2021-11-15,2022-02-14,46.67,44.47,-4.72
INTC,2022-02-14,2022-05-16,44.47,40.58,-8.74
INTC,2022-05-16,2022-08-15,40.58,34.57,-14.79
INTC,2022-08-15,2022-11-14,34.57,29.27,-15.36
INTC,2022-11-14,2023-02-14,29.27,27.95,-4.48
INTC,2023-02-14,2023-05-15,27.95,29.20,4.48
INTC,2023-05-15,2023-08-14,29.20,35.09,20.16
INTC,2023-08-14,2023-11-14,35.09,38.89,10.82
INTC,2023-11-14,2024-02-14,38.89,43.73,12.46
INTC,2024-02-14,2024-05-15,43.73,31.07,-28.95
INTC,2024-05-15,2024-08-14,31.07,19.92,-35.89
INTC,2024-08-14,2024-11-14,19.92,25.03,25.65
INTC,2024-11-14,2025-02-14,25.03,23.60,-5.71
INTC,2025-02-14,2025-05-15,23.60,21.55,-8.69
INTC,2025-05-15,2025-08-14,21.55,23.86,10.72
INTC,2025-08-14,2025-11-14,23.86,35.52,48.87
INTC,2025-11-14,2026-02-17,35.52,46.18,30.01
INTC,2026-02-17,2026-05-18,46.18,108.17,134.24
LITE,2020-05-15,2020-08-14,67.73,92.99,37.30
LITE,2020-08-14,2020-11-16,92.99,82.64,-11.13
LITE,2020-11-16,2021-02-16,82.64,94.23,14.02
LITE,2021-02-16,2021-06-01,94.23,80.06,-15.04
LITE,2021-06-01,2021-08-16,80.06,78.38,-2.10
LITE,2021-08-16,2021-11-15,78.38,90.06,14.90
LITE,2021-11-15,2022-02-14,90.06,93.36,3.66
LITE,2022-02-14,2022-05-16,93.36,87.18,-6.62
LITE,2022-05-16,2022-08-15,87.18,96.19,10.33
LITE,2022-08-15,2022-11-14,96.19,56.59,-41.17
LITE,2022-11-14,2023-02-14,56.59,59.32,4.82
LITE,2023-02-14,2023-05-15,59.32,45.12,-23.94
LITE,2023-05-15,2023-08-14,45.12,50.58,12.10
LITE,2023-08-14,2023-11-14,50.58,43.56,-13.88
LITE,2023-11-14,2024-02-14,43.56,49.59,13.84
LITE,2024-02-14,2024-05-15,49.59,45.72,-7.80
LITE,2024-05-15,2024-08-14,45.72,45.53,-0.42
LITE,2024-08-14,2024-11-14,45.53,85.13,86.98
LITE,2024-11-14,2025-02-14,85.13,77.68,-8.75
LITE,2025-02-14,2025-05-15,77.68,77.76,0.10
LITE,2025-05-15,2025-08-14,77.76,114.62,47.40
LITE,2025-08-14,2025-11-14,114.62,232.15,102.54
LITE,2025-11-14,2026-02-17,232.15,600.42,158.63
LITE,2026-02-17,2026-05-18,600.42,884.98,47.39
LRCX,2020-05-15,2020-08-14,23.56,35.09,48.95
LRCX,2020-08-14,2020-11-16,35.09,41.41,18.03
LRCX,2020-11-16,2021-02-16,41.41,55.93,35.06
LRCX,2021-02-16,2021-06-01,55.93,61.49,9.94
LRCX,2021-06-01,2021-08-16,61.49,55.90,-9.09
LRCX,2021-08-16,2021-11-15,55.90,59.98,7.29
LRCX,2021-11-15,2022-02-14,59.98,53.24,-11.23
LRCX,2022-02-14,2022-05-16,53.24,46.16,-13.30
LRCX,2022-05-16,2022-08-15,46.16,49.66,7.58
LRCX,2022-08-15,2022-11-14,49.66,46.33,-6.71
LRCX,2022-11-14,2023-02-14,46.33,49.93,7.79
LRCX,2023-02-14,2023-05-15,49.93,53.61,7.37
LRCX,2023-05-15,2023-08-14,53.61,64.95,21.14
LRCX,2023-08-14,2023-11-14,64.95,67.85,4.47
LRCX,2023-11-14,2024-02-14,67.85,89.65,32.13
LRCX,2024-02-14,2024-05-15,89.65,92.99,3.72
LRCX,2024-05-15,2024-08-14,92.99,83.10,-10.64
LRCX,2024-08-14,2024-11-14,83.10,73.74,-11.26
LRCX,2024-11-14,2025-02-14,73.74,81.84,10.98
LRCX,2025-02-14,2025-05-15,81.84,84.11,2.77
LRCX,2025-05-15,2025-08-14,84.11,106.79,26.96
LRCX,2025-08-14,2025-11-14,106.79,147.74,38.34
LRCX,2025-11-14,2026-02-17,147.74,235.13,59.16
LRCX,2026-02-17,2026-05-18,235.13,277.76,18.13
LSCC,2020-05-15,2020-08-14,22.11,29.46,33.24
LSCC,2020-08-14,2020-11-16,29.46,41.53,40.97
LSCC,2020-11-16,2021-02-16,41.53,48.63,17.10
LSCC,2021-02-16,2021-06-01,48.63,52.29,7.53
LSCC,2021-06-01,2021-08-16,52.29,58.33,11.55
LSCC,2021-08-16,2021-11-15,58.33,83.14,42.53
LSCC,2021-11-15,2022-02-14,83.14,55.56,-33.17
LSCC,2022-02-14,2022-05-16,55.56,47.76,-14.04
LSCC,2022-05-16,2022-08-15,47.76,64.03,34.07
LSCC,2022-08-15,2022-11-14,64.03,64.63,0.94
LSCC,2022-11-14,2023-02-14,64.63,89.27,38.12
LSCC,2023-02-14,2023-05-15,89.27,83.96,-5.95
LSCC,2023-05-15,2023-08-14,83.96,88.33,5.20
LSCC,2023-08-14,2023-11-14,88.33,58.58,-33.68
LSCC,2023-11-14,2024-02-14,58.58,76.26,30.18
LSCC,2024-02-14,2024-05-15,76.26,72.34,-5.14
LSCC,2024-05-15,2024-08-14,72.34,46.61,-35.57
LSCC,2024-08-14,2024-11-14,46.61,50.63,8.62
LSCC,2024-11-14,2025-02-14,50.63,64.42,27.24
LSCC,2025-02-14,2025-05-15,64.42,52.25,-18.89
LSCC,2025-05-15,2025-08-14,52.25,63.55,21.63
LSCC,2025-08-14,2025-11-14,63.55,64.18,0.99
LSCC,2025-11-14,2026-02-17,64.18,97.50,51.92
LSCC,2026-02-17,2026-05-18,97.50,123.15,26.31
MDB,2020-05-15,2020-08-14,196.28,199.13,1.45
MDB,2020-08-14,2020-11-16,199.13,242.94,22.00
MDB,2020-11-16,2021-02-16,242.94,408.21,68.03
MDB,2021-02-16,2021-06-01,408.21,289.74,-29.02
MDB,2021-06-01,2021-08-16,289.74,367.45,26.82
MDB,2021-08-16,2021-11-15,367.45,561.89,52.92
MDB,2021-11-15,2022-02-14,561.89,429.93,-23.49
MDB,2022-02-14,2022-05-16,429.93,252.00,-41.39
MDB,2022-05-16,2022-08-15,252.00,375.92,49.17
MDB,2022-08-15,2022-11-14,375.92,171.08,-54.49
MDB,2022-11-14,2023-02-14,171.08,228.81,33.74
MDB,2023-02-14,2023-05-15,228.81,276.17,20.70
MDB,2023-05-15,2023-08-14,276.17,364.41,31.95
MDB,2023-08-14,2023-11-14,364.41,397.77,9.15
MDB,2023-11-14,2024-02-14,397.77,486.51,22.31
MDB,2024-02-14,2024-05-15,486.51,376.49,-22.61
MDB,2024-05-15,2024-08-14,376.49,243.44,-35.34
MDB,2024-08-14,2024-11-14,243.44,291.59,19.78
MDB,2024-11-14,2025-02-14,291.59,289.63,-0.67
MDB,2025-02-14,2025-05-15,289.63,190.50,-34.23
MDB,2025-05-15,2025-08-14,190.50,204.37,7.28
MDB,2025-08-14,2025-11-14,204.37,352.61,72.54
MDB,2025-11-14,2026-02-17,352.61,354.36,0.50
MDB,2026-02-17,2026-05-18,354.36,330.00,-6.87
META,2020-05-15,2020-08-14,209.04,258.97,23.88
META,2020-08-14,2020-11-16,258.97,276.53,6.78
META,2020-11-16,2021-02-16,276.53,271.59,-1.79
META,2021-02-16,2021-06-01,271.59,326.26,20.13
META,2021-06-01,2021-08-16,326.26,363.37,11.37
META,2021-08-16,2021-11-15,363.37,344.53,-5.18
META,2021-11-15,2022-02-14,344.53,215.80,-37.36
META,2022-02-14,2022-05-16,215.80,198.30,-8.11
META,2022-05-16,2022-08-15,198.30,179.32,-9.57
META,2022-08-15,2022-11-14,179.32,113.23,-36.86
META,2022-11-14,2023-02-14,113.23,177.92,57.14
META,2023-02-14,2023-05-15,177.92,236.78,33.08
META,2023-05-15,2023-08-14,236.78,303.52,28.19
META,2023-08-14,2023-11-14,303.52,333.38,9.84
META,2023-11-14,2024-02-14,333.38,469.16,40.73
META,2024-02-14,2024-05-15,469.16,477.85,1.85
META,2024-05-15,2024-08-14,477.85,523.25,9.50
META,2024-08-14,2024-11-14,523.25,573.86,9.67
META,2024-11-14,2025-02-14,573.86,733.05,27.74
META,2025-02-14,2025-05-15,733.05,641.28,-12.52
META,2025-05-15,2025-08-14,641.28,779.57,21.56
META,2025-08-14,2025-11-14,779.57,607.88,-22.02
META,2025-11-14,2026-02-17,607.88,638.15,4.98
META,2026-02-17,2026-05-18,638.15,610.64,-4.31
MRVL,2020-05-15,2020-08-14,25.69,32.80,27.65
MRVL,2020-08-14,2020-11-16,32.80,42.37,29.20
MRVL,2020-11-16,2021-02-16,42.37,51.86,22.39
MRVL,2021-02-16,2021-06-01,51.86,46.83,-9.70
MRVL,2021-06-01,2021-08-16,46.83,58.08,24.03
MRVL,2021-08-16,2021-11-15,58.08,71.66,23.38
MRVL,2021-11-15,2022-02-14,71.66,66.63,-7.02
MRVL,2022-02-14,2022-05-16,66.63,54.37,-18.41
MRVL,2022-05-16,2022-08-15,54.37,54.69,0.59
MRVL,2022-08-15,2022-11-14,54.69,42.60,-22.11
MRVL,2022-11-14,2023-02-14,42.60,46.67,9.56
MRVL,2023-02-14,2023-05-15,46.67,41.65,-10.76
MRVL,2023-05-15,2023-08-14,41.65,59.03,41.74
MRVL,2023-08-14,2023-11-14,59.03,56.58,-4.16
MRVL,2023-11-14,2024-02-14,56.58,68.49,21.05
MRVL,2024-02-14,2024-05-15,68.49,69.73,1.81
MRVL,2024-05-15,2024-08-14,69.73,63.46,-8.99
MRVL,2024-08-14,2024-11-14,63.46,90.31,42.30
MRVL,2024-11-14,2025-02-14,90.31,106.10,17.49
MRVL,2025-02-14,2025-05-15,106.10,65.02,-38.72
MRVL,2025-05-15,2025-08-14,65.02,78.89,21.33
MRVL,2025-08-14,2025-11-14,78.89,86.34,9.45
MRVL,2025-11-14,2026-02-17,86.34,78.97,-8.54
MRVL,2026-02-17,2026-05-18,78.97,168.93,113.92
MSFT,2020-05-15,2020-08-14,173.61,198.56,14.37
MSFT,2020-08-14,2020-11-16,198.56,206.97,4.24
MSFT,2020-11-16,2021-02-16,206.97,232.80,12.48
MSFT,2021-02-16,2021-06-01,232.80,237.43,1.99
MSFT,2021-06-01,2021-08-16,237.43,282.73,19.08
MSFT,2021-08-16,2021-11-15,282.73,323.14,14.30
MSFT,2021-11-15,2022-02-14,323.14,284.17,-12.06
MSFT,2022-02-14,2022-05-16,284.17,252.42,-11.17
MSFT,2022-05-16,2022-08-15,252.42,283.94,12.49
MSFT,2022-08-15,2022-11-14,283.94,234.20,-17.52
MSFT,2022-11-14,2023-02-14,234.20,264.64,12.99
MSFT,2023-02-14,2023-05-15,264.64,301.65,13.99
MSFT,2023-05-15,2023-08-14,301.65,316.55,4.94
MSFT,2023-08-14,2023-11-14,316.55,362.48,14.51
MSFT,2023-11-14,2024-02-14,362.48,402.43,11.02
MSFT,2024-02-14,2024-05-15,402.43,416.53,3.51
MSFT,2024-05-15,2024-08-14,416.53,410.41,-1.47
MSFT,2024-08-14,2024-11-14,410.41,421.04,2.59
MSFT,2024-11-14,2025-02-14,421.04,403.64,-4.13
MSFT,2025-02-14,2025-05-15,403.64,449.54,11.37
MSFT,2025-05-15,2025-08-14,449.54,518.34,15.30
MSFT,2025-08-14,2025-11-14,518.34,506.97,-2.19
MSFT,2025-11-14,2026-02-17,506.97,395.10,-22.07
MSFT,2026-02-17,2026-05-18,395.10,422.62,6.97
MU,2020-05-15,2020-08-14,43.31,44.47,2.68
MU,2020-08-14,2020-11-16,44.47,60.33,35.66
MU,2020-11-16,2021-02-16,60.33,85.57,41.84
MU,2021-02-16,2021-06-01,85.57,82.07,-4.09
MU,2021-06-01,2021-08-16,82.07,69.18,-15.71
MU,2021-08-16,2021-11-15,69.18,74.99,8.40
MU,2021-11-15,2022-02-14,74.99,87.86,17.16
MU,2022-02-14,2022-05-16,87.86,68.99,-21.47
MU,2022-05-16,2022-08-15,68.99,63.47,-8.01
MU,2022-08-15,2022-11-14,63.47,60.73,-4.31
MU,2022-11-14,2023-02-14,60.73,61.15,0.70
MU,2023-02-14,2023-05-15,61.15,63.82,4.35
MU,2023-05-15,2023-08-14,63.82,67.54,5.83
MU,2023-08-14,2023-11-14,67.54,76.46,13.21
MU,2023-11-14,2024-02-14,76.46,81.18,6.18
MU,2024-02-14,2024-05-15,81.18,126.92,56.34
MU,2024-05-15,2024-08-14,126.92,99.80,-21.37
MU,2024-08-14,2024-11-14,99.80,98.69,-1.11
MU,2024-11-14,2025-02-14,98.69,99.15,0.47
MU,2025-02-14,2025-05-15,99.15,95.22,-3.96
MU,2025-05-15,2025-08-14,95.22,125.11,31.39
MU,2025-08-14,2025-11-14,125.11,246.63,97.13
MU,2025-11-14,2026-02-17,246.63,399.61,62.03
MU,2026-02-17,2026-05-18,399.61,681.54,70.55
NTNX,2020-05-15,2020-08-14,20.29,21.20,4.48
NTNX,2020-08-14,2020-11-16,21.20,26.71,25.99
NTNX,2020-11-16,2021-02-16,26.71,34.62,29.61
NTNX,2021-02-16,2021-06-01,34.62,32.55,-5.98
NTNX,2021-06-01,2021-08-16,32.55,36.62,12.50
NTNX,2021-08-16,2021-11-15,36.62,34.77,-5.05
NTNX,2021-11-15,2022-02-14,34.77,26.21,-24.62
NTNX,2022-02-14,2022-05-16,26.21,21.97,-16.18
NTNX,2022-05-16,2022-08-15,21.97,17.92,-18.43
NTNX,2022-08-15,2022-11-14,17.92,28.26,57.70
NTNX,2022-11-14,2023-02-14,28.26,29.37,3.93
NTNX,2023-02-14,2023-05-15,29.37,26.14,-11.00
NTNX,2023-05-15,2023-08-14,26.14,29.98,14.69
NTNX,2023-08-14,2023-11-14,29.98,40.04,33.56
NTNX,2023-11-14,2024-02-14,40.04,57.74,44.21
NTNX,2024-02-14,2024-05-15,57.74,69.01,19.52
NTNX,2024-05-15,2024-08-14,69.01,51.26,-25.72
NTNX,2024-08-14,2024-11-14,51.26,71.09,38.69
NTNX,2024-11-14,2025-02-14,71.09,70.47,-0.87
NTNX,2025-02-14,2025-05-15,70.47,80.66,14.46
NTNX,2025-05-15,2025-08-14,80.66,68.61,-14.94
NTNX,2025-08-14,2025-11-14,68.61,65.91,-3.94
NTNX,2025-11-14,2026-02-17,65.91,40.95,-37.87
NTNX,2026-02-17,2026-05-18,40.95,47.45,15.87
NVDA,2020-05-15,2020-08-14,8.45,11.51,36.26
NVDA,2020-08-14,2020-11-16,11.51,13.46,16.91
NVDA,2020-11-16,2021-02-16,13.46,15.27,13.46
NVDA,2021-02-16,2021-06-01,15.27,16.20,6.13
NVDA,2021-06-01,2021-08-16,16.20,19.88,22.69
NVDA,2021-08-16,2021-11-15,19.88,29.93,50.53
NVDA,2021-11-15,2022-02-14,29.93,24.19,-19.17
NVDA,2022-02-14,2022-05-16,24.19,17.21,-28.85
NVDA,2022-05-16,2022-08-15,17.21,18.98,10.26
NVDA,2022-08-15,2022-11-14,18.98,16.25,-14.36
NVDA,2022-11-14,2023-02-14,16.25,22.92,41.01
NVDA,2023-02-14,2023-05-15,22.92,28.89,26.06
NVDA,2023-05-15,2023-08-14,28.89,43.67,51.13
NVDA,2023-08-14,2023-11-14,43.67,49.56,13.50
NVDA,2023-11-14,2024-02-14,49.56,73.77,48.84
NVDA,2024-02-14,2024-05-15,73.77,94.47,28.06
NVDA,2024-05-15,2024-08-14,94.47,117.89,24.79
NVDA,2024-08-14,2024-11-14,117.89,146.53,24.30
NVDA,2024-11-14,2025-02-14,146.53,138.64,-5.38
NVDA,2025-02-14,2025-05-15,138.64,134.64,-2.89
NVDA,2025-05-15,2025-08-14,134.64,181.78,35.01
NVDA,2025-08-14,2025-11-14,181.78,189.93,4.48
NVDA,2025-11-14,2026-02-17,189.93,184.74,-2.73
NVDA,2026-02-17,2026-05-18,184.74,222.06,20.20
ORCL,2020-05-15,2020-08-14,48.65,50.03,2.85
ORCL,2020-08-14,2020-11-16,50.03,52.97,5.87
ORCL,2020-11-16,2021-02-16,52.97,57.82,9.15
ORCL,2021-02-16,2021-06-01,57.82,74.35,28.60
ORCL,2021-06-01,2021-08-16,74.35,85.18,14.56
ORCL,2021-08-16,2021-11-15,85.18,88.49,3.88
ORCL,2021-11-15,2022-02-14,88.49,74.58,-15.72
ORCL,2022-02-14,2022-05-16,74.58,66.11,-11.36
ORCL,2022-05-16,2022-08-15,66.11,75.36,13.99
ORCL,2022-08-15,2022-11-14,75.36,75.19,-0.23
ORCL,2022-11-14,2023-02-14,75.19,85.62,13.87
ORCL,2023-02-14,2023-05-15,85.62,93.87,9.64
ORCL,2023-05-15,2023-08-14,93.87,111.93,19.24
ORCL,2023-08-14,2023-11-14,111.93,112.86,0.83
ORCL,2023-11-14,2024-02-14,112.86,111.50,-1.20
ORCL,2024-02-14,2024-05-15,111.50,119.08,6.79
ORCL,2024-05-15,2024-08-14,119.08,133.13,11.80
ORCL,2024-08-14,2024-11-14,133.13,184.05,38.25
ORCL,2024-11-14,2025-02-14,184.05,171.81,-6.65
ORCL,2025-02-14,2025-05-15,171.81,157.82,-8.15
ORCL,2025-05-15,2025-08-14,157.82,243.04,54.00
ORCL,2025-08-14,2025-11-14,243.04,221.49,-8.87
ORCL,2025-11-14,2026-02-17,221.49,153.43,-30.73
ORCL,2026-02-17,2026-05-18,153.43,186.61,21.62
P,2020-05-15,2020-08-14,14.29,15.96,11.69
P,2020-08-14,2020-11-16,15.96,18.32,14.79
P,2020-11-16,2021-02-16,18.32,28.10,53.38
P,2021-02-16,2021-06-01,28.10,18.75,-33.27
P,2021-06-01,2021-08-16,18.75,19.53,4.16
P,2021-08-16,2021-11-15,19.53,28.07,43.73
P,2021-11-15,2022-02-14,28.07,26.18,-6.73
P,2022-02-14,2022-05-16,26.18,26.02,-0.61
P,2022-05-16,2022-08-15,26.02,30.28,16.37
P,2022-08-15,2022-11-14,30.28,31.07,2.61
P,2022-11-14,2023-02-14,31.07,31.32,0.80
P,2023-02-14,2023-05-15,31.32,23.62,-24.58
P,2023-05-15,2023-08-14,23.62,36.64,55.12
P,2023-08-14,2023-11-14,36.64,37.86,3.33
P,2023-11-14,2024-02-14,37.86,42.43,12.07
P,2024-02-14,2024-05-15,42.43,59.59,40.44
P,2024-05-15,2024-08-14,59.59,60.30,1.19
P,2024-08-14,2024-11-14,60.30,49.83,-17.36
P,2024-11-14,2025-02-14,49.83,67.80,36.06
P,2025-02-14,2025-05-15,67.80,55.48,-18.17
P,2025-05-15,2025-08-14,55.48,57.85,4.27
P,2025-08-14,2025-11-14,57.85,84.59,46.22
P,2025-11-14,2026-02-17,84.59,72.69,-14.07
P,2026-02-17,2026-05-18,72.69,77.07,6.03
ROG,2020-05-15,2020-08-14,96.43,122.48,27.01
ROG,2020-08-14,2020-11-16,122.48,145.27,18.61
ROG,2020-11-16,2021-02-16,145.27,180.25,24.08
ROG,2021-02-16,2021-06-01,180.25,192.17,6.61
ROG,2021-06-01,2021-08-16,192.17,198.97,3.54
ROG,2021-08-16,2021-11-15,198.97,269.83,35.61
ROG,2021-11-15,2022-02-14,269.83,272.71,1.07
ROG,2022-02-14,2022-05-16,272.71,259.86,-4.71
ROG,2022-05-16,2022-08-15,259.86,269.68,3.78
ROG,2022-08-15,2022-11-14,269.68,103.78,-61.52
ROG,2022-11-14,2023-02-14,103.78,150.11,44.64
ROG,2023-02-14,2023-05-15,150.11,157.85,5.16
ROG,2023-05-15,2023-08-14,157.85,146.77,-7.02
ROG,2023-08-14,2023-11-14,146.77,129.92,-11.48
ROG,2023-11-14,2024-02-14,129.92,116.14,-10.61
ROG,2024-02-14,2024-05-15,116.14,121.14,4.31
ROG,2024-05-15,2024-08-14,121.14,103.46,-14.59
ROG,2024-08-14,2024-11-14,103.46,104.01,0.53
ROG,2024-11-14,2025-02-14,104.01,89.34,-14.10
ROG,2025-02-14,2025-05-15,89.34,69.77,-21.91
ROG,2025-05-15,2025-08-14,69.77,76.52,9.67
ROG,2025-08-14,2025-11-14,76.52,78.35,2.39
ROG,2025-11-14,2026-02-17,78.35,103.13,31.63
ROG,2026-02-17,2026-05-18,103.13,133.80,29.74
SMTC,2020-05-15,2020-08-14,42.39,63.03,48.69
SMTC,2020-08-14,2020-11-16,63.03,67.72,7.44
SMTC,2020-11-16,2021-02-16,67.72,79.00,16.66
SMTC,2021-02-16,2021-06-01,79.00,62.95,-20.32
SMTC,2021-06-01,2021-08-16,62.95,65.11,3.43
SMTC,2021-08-16,2021-11-15,65.11,89.82,37.95
SMTC,2021-11-15,2022-02-14,89.82,68.53,-23.70
SMTC,2022-02-14,2022-05-16,68.53,59.31,-13.45
SMTC,2022-05-16,2022-08-15,59.31,55.00,-7.27
SMTC,2022-08-15,2022-11-14,55.00,29.73,-45.95
SMTC,2022-11-14,2023-02-14,29.73,32.41,9.01
SMTC,2023-02-14,2023-05-15,32.41,19.12,-41.01
SMTC,2023-05-15,2023-08-14,19.12,25.45,33.11
SMTC,2023-08-14,2023-11-14,25.45,15.47,-39.21
SMTC,2023-11-14,2024-02-14,15.47,20.26,30.96
SMTC,2024-02-14,2024-05-15,20.26,39.96,97.24
SMTC,2024-05-15,2024-08-14,39.96,33.42,-16.37
SMTC,2024-08-14,2024-11-14,33.42,47.33,41.62
SMTC,2024-11-14,2025-02-14,47.33,37.38,-21.02
SMTC,2025-02-14,2025-05-15,37.38,39.64,6.05
SMTC,2025-05-15,2025-08-14,39.64,50.52,27.45
SMTC,2025-08-14,2025-11-14,50.52,65.46,29.57
SMTC,2025-11-14,2026-02-17,65.46,87.66,33.91
SMTC,2026-02-17,2026-05-18,87.66,132.39,51.03
SNOW,2020-05-15,2020-08-14,,,PRE_IPO
SNOW,2020-08-14,2020-11-16,,,PRE_IPO
SNOW,2020-11-16,2021-02-16,241.85,294.55,21.79
SNOW,2021-02-16,2021-06-01,294.55,240.81,-18.24
SNOW,2021-06-01,2021-08-16,240.81,282.17,17.18
SNOW,2021-08-16,2021-11-15,282.17,393.70,39.53
SNOW,2021-11-15,2022-02-14,393.70,291.13,-26.05
SNOW,2022-02-14,2022-05-16,291.13,144.51,-50.36
SNOW,2022-05-16,2022-08-15,144.51,170.44,17.94
SNOW,2022-08-15,2022-11-14,170.44,157.84,-7.39
SNOW,2022-11-14,2023-02-14,157.84,171.02,8.35
SNOW,2023-02-14,2023-05-15,171.02,172.05,0.60
SNOW,2023-05-15,2023-08-14,172.05,152.86,-11.15
SNOW,2023-08-14,2023-11-14,152.86,165.86,8.50
SNOW,2023-11-14,2024-02-14,165.86,236.00,42.29
SNOW,2024-02-14,2024-05-15,236.00,164.37,-30.35
SNOW,2024-05-15,2024-08-14,164.37,127.30,-22.55
SNOW,2024-08-14,2024-11-14,127.30,129.27,1.55
SNOW,2024-11-14,2025-02-14,129.27,187.60,45.12
SNOW,2025-02-14,2025-05-15,187.60,182.97,-2.47
SNOW,2025-05-15,2025-08-14,182.97,194.90,6.52
SNOW,2025-08-14,2025-11-14,194.90,257.02,31.87
SNOW,2025-11-14,2026-02-17,257.02,177.10,-31.09
SNOW,2026-02-17,2026-05-18,177.10,164.24,-7.26
SNPS,2020-05-15,2020-08-14,158.73,196.16,23.58
SNPS,2020-08-14,2020-11-16,196.16,222.34,13.35
SNPS,2020-11-16,2021-02-16,222.34,290.67,30.73
SNPS,2021-02-16,2021-06-01,290.67,253.82,-12.68
SNPS,2021-06-01,2021-08-16,253.82,294.42,16.00
SNPS,2021-08-16,2021-11-15,294.42,345.75,17.43
SNPS,2021-11-15,2022-02-14,345.75,294.96,-14.69
SNPS,2022-02-14,2022-05-16,294.96,273.73,-7.20
SNPS,2022-05-16,2022-08-15,273.73,390.45,42.64
SNPS,2022-08-15,2022-11-14,390.45,330.68,-15.31
SNPS,2022-11-14,2023-02-14,330.68,375.94,13.69
SNPS,2023-02-14,2023-05-15,375.94,373.28,-0.71
SNPS,2023-05-15,2023-08-14,373.28,434.85,16.49
SNPS,2023-08-14,2023-11-14,434.85,538.32,23.79
SNPS,2023-11-14,2024-02-14,538.32,562.73,4.53
SNPS,2024-02-14,2024-05-15,562.73,580.20,3.10
SNPS,2024-05-15,2024-08-14,580.20,530.80,-8.51
SNPS,2024-08-14,2024-11-14,530.80,548.31,3.30
SNPS,2024-11-14,2025-02-14,548.31,522.53,-4.70
SNPS,2025-02-14,2025-05-15,522.53,514.48,-1.54
SNPS,2025-05-15,2025-08-14,514.48,616.36,19.80
SNPS,2025-08-14,2025-11-14,616.36,389.83,-36.75
SNPS,2025-11-14,2026-02-17,389.83,421.95,8.24
SNPS,2026-02-17,2026-05-18,421.95,498.43,18.13
TSLA,2020-05-15,2020-08-14,53.28,110.05,106.55
TSLA,2020-08-14,2020-11-16,110.05,136.03,23.61
TSLA,2020-11-16,2021-02-16,136.03,265.41,95.11
TSLA,2021-02-16,2021-06-01,265.41,207.97,-21.64
TSLA,2021-06-01,2021-08-16,207.97,228.72,9.98
TSLA,2021-08-16,2021-11-15,228.72,337.80,47.69
TSLA,2021-11-15,2022-02-14,337.80,291.92,-13.58
TSLA,2022-02-14,2022-05-16,291.92,241.46,-17.29
TSLA,2022-05-16,2022-08-15,241.46,309.32,28.11
TSLA,2022-08-15,2022-11-14,309.32,190.95,-38.27
TSLA,2022-11-14,2023-02-14,190.95,209.25,9.58
TSLA,2023-02-14,2023-05-15,209.25,166.35,-20.50
TSLA,2023-05-15,2023-08-14,166.35,239.76,44.13
TSLA,2023-08-14,2023-11-14,239.76,237.41,-0.98
TSLA,2023-11-14,2024-02-14,237.41,188.71,-20.51
TSLA,2024-02-14,2024-05-15,188.71,173.99,-7.80
TSLA,2024-05-15,2024-08-14,173.99,201.38,15.74
TSLA,2024-08-14,2024-11-14,201.38,311.18,54.52
TSLA,2024-11-14,2025-02-14,311.18,355.84,14.35
TSLA,2025-02-14,2025-05-15,355.84,342.82,-3.66
TSLA,2025-05-15,2025-08-14,342.82,335.58,-2.11
TSLA,2025-08-14,2025-11-14,335.58,404.35,20.49
TSLA,2025-11-14,2026-02-17,404.35,410.63,1.55
TSLA,2026-02-17,2026-05-18,410.63,409.99,-0.16
VECO,2020-05-15,2020-08-14,10.87,13.72,26.26
VECO,2020-08-14,2020-11-16,13.72,15.72,14.54
VECO,2020-11-16,2021-02-16,15.72,21.91,39.38
VECO,2021-02-16,2021-06-01,21.91,24.01,9.58
VECO,2021-06-01,2021-08-16,24.01,21.59,-10.08
VECO,2021-08-16,2021-11-15,21.59,26.92,24.69
VECO,2021-11-15,2022-02-14,26.92,27.30,1.41
VECO,2022-02-14,2022-05-16,27.30,21.72,-20.44
VECO,2022-05-16,2022-08-15,21.72,23.14,6.54
VECO,2022-08-15,2022-11-14,23.14,19.45,-15.95
VECO,2022-11-14,2023-02-14,19.45,20.48,5.30
VECO,2023-02-14,2023-05-15,20.48,21.63,5.62
VECO,2023-05-15,2023-08-14,21.63,30.45,40.78
VECO,2023-08-14,2023-11-14,30.45,28.12,-7.65
VECO,2023-11-14,2024-02-14,28.12,35.30,25.53
VECO,2024-02-14,2024-05-15,35.30,40.70,15.30
VECO,2024-05-15,2024-08-14,40.70,36.07,-11.38
VECO,2024-08-14,2024-11-14,36.07,27.31,-24.29
VECO,2024-11-14,2025-02-14,27.31,24.67,-9.67
VECO,2025-02-14,2025-05-15,24.67,21.26,-13.82
VECO,2025-05-15,2025-08-14,21.26,24.25,14.06
VECO,2025-08-14,2025-11-14,24.25,29.18,20.33
VECO,2025-11-14,2026-02-17,29.18,34.35,17.72
VECO,2026-02-17,2026-05-18,34.35,55.65,62.01
VST,2020-05-15,2020-08-14,16.30,16.84,3.28
VST,2020-08-14,2020-11-16,16.84,17.63,4.69
VST,2020-11-16,2021-02-16,17.63,19.65,11.49
VST,2021-02-16,2021-06-01,19.65,14.87,-24.31
VST,2021-06-01,2021-08-16,14.87,16.39,10.20
VST,2021-08-16,2021-11-15,16.39,18.81,14.75
VST,2021-11-15,2022-02-14,18.81,20.00,6.34
VST,2022-02-14,2022-05-16,20.00,23.33,16.63
VST,2022-05-16,2022-08-15,23.33,24.42,4.69
VST,2022-08-15,2022-11-14,24.42,21.74,-10.99
VST,2022-11-14,2023-02-14,21.74,21.97,1.07
VST,2023-02-14,2023-05-15,21.97,23.87,8.64
VST,2023-05-15,2023-08-14,23.87,29.42,23.26
VST,2023-08-14,2023-11-14,29.42,34.39,16.88
VST,2023-11-14,2024-02-14,34.39,43.47,26.41
VST,2024-02-14,2024-05-15,43.47,95.49,119.66
VST,2024-05-15,2024-08-14,95.49,78.29,-18.01
VST,2024-08-14,2024-11-14,78.29,137.11,75.13
VST,2024-11-14,2025-02-14,137.11,166.29,21.29
VST,2025-02-14,2025-05-15,166.29,151.08,-9.15
VST,2025-05-15,2025-08-14,151.08,201.30,33.24
VST,2025-08-14,2025-11-14,201.30,173.97,-13.58
VST,2025-11-14,2026-02-17,173.97,173.21,-0.44
VST,2026-02-17,2026-05-18,173.21,136.56,-21.16
XLNX,2020-05-15,2020-08-14,82.39,104.62,26.99
XLNX,2020-08-14,2020-11-16,104.62,130.83,25.04
XLNX,2020-11-16,2021-02-16,130.83,142.05,8.58
XLNX,2021-02-16,2021-06-01,142.05,127.46,-10.27
XLNX,2021-06-01,2021-08-16,127.46,142.11,11.50
XLNX,2021-08-16,2021-11-15,142.11,214.88,51.20
XLNX,2021-11-15,2022-02-14,214.88,194.92,-9.29
XLNX,2022-02-14,2022-05-16,,,NO_DATA
XLNX,2022-05-16,2022-08-15,,,NO_DATA
XLNX,2022-08-15,2022-11-14,,,NO_DATA
XLNX,2022-11-14,2023-02-14,,,NO_DATA
XLNX,2023-02-14,2023-05-15,,,NO_DATA
XLNX,2023-05-15,2023-08-14,,,NO_DATA
XLNX,2023-08-14,2023-11-14,,,NO_DATA
XLNX,2023-11-14,2024-02-14,,,NO_DATA
XLNX,2024-02-14,2024-05-15,,,NO_DATA
XLNX,2024-05-15,2024-08-14,,,NO_DATA
XLNX,2024-08-14,2024-11-14,,,NO_DATA
XLNX,2024-11-14,2025-02-14,,,NO_DATA
XLNX,2025-02-14,2025-05-15,,,NO_DATA
XLNX,2025-05-15,2025-08-14,,,NO_DATA
XLNX,2025-08-14,2025-11-14,,,NO_DATA
XLNX,2025-11-14,2026-02-17,,,NO_DATA
XLNX,2026-02-17,2026-05-18,,,NO_DATA
SMH,2020-05-15,2020-08-14,63.21,82.23,30.09
SMH,2020-08-14,2020-11-16,82.23,97.18,18.19
SMH,2020-11-16,2021-02-16,97.18,124.25,27.85
SMH,2021-02-16,2021-06-01,124.25,120.71,-2.85
SMH,2021-06-01,2021-08-16,120.71,126.77,5.02
SMH,2021-08-16,2021-11-15,126.77,145.88,15.07
SMH,2021-11-15,2022-02-14,145.88,129.28,-11.38
SMH,2022-02-14,2022-05-16,129.28,111.45,-13.79
SMH,2022-05-16,2022-08-15,111.45,120.22,7.86
SMH,2022-08-15,2022-11-14,120.22,106.67,-11.27
SMH,2022-11-14,2023-02-14,106.67,124.80,17.00
SMH,2023-02-14,2023-05-15,124.80,124.42,-0.30
SMH,2023-05-15,2023-08-14,124.42,148.63,19.46
SMH,2023-08-14,2023-11-14,148.63,158.92,6.92
SMH,2023-11-14,2024-02-14,158.92,201.78,26.96
SMH,2024-02-14,2024-05-15,201.78,232.15,15.05
SMH,2024-05-15,2024-08-14,232.15,234.62,1.06
SMH,2024-08-14,2024-11-14,234.62,246.32,4.99
SMH,2024-11-14,2025-02-14,246.32,251.80,2.22
SMH,2025-02-14,2025-05-15,251.80,246.36,-2.16
SMH,2025-05-15,2025-08-14,246.36,300.98,22.17
SMH,2025-08-14,2025-11-14,300.98,343.91,14.26
SMH,2025-11-14,2026-02-17,343.91,407.51,18.49
SMH,2026-02-17,2026-05-18,407.51,546.16,34.02
SPY,2020-05-15,2020-08-14,262.48,310.19,18.18
SPY,2020-08-14,2020-11-16,310.19,335.22,8.07
SPY,2020-11-16,2021-02-16,335.22,364.26,8.66
SPY,2021-02-16,2021-06-01,364.26,390.95,7.33
SPY,2021-06-01,2021-08-16,390.95,417.74,6.85
SPY,2021-08-16,2021-11-15,417.74,438.26,4.91
SPY,2021-11-15,2022-02-14,438.26,413.07,-5.75
SPY,2022-02-14,2022-05-16,413.07,377.62,-8.58
SPY,2022-05-16,2022-08-15,377.62,406.52,7.65
SPY,2022-08-15,2022-11-14,406.52,376.07,-7.49
SPY,2022-11-14,2023-02-14,376.07,394.55,4.91
SPY,2023-02-14,2023-05-15,394.55,396.41,0.47
SPY,2023-05-15,2023-08-14,396.41,431.70,8.90
SPY,2023-08-14,2023-11-14,431.70,433.82,0.49
SPY,2023-11-14,2024-02-14,433.82,483.96,11.56
SPY,2024-02-14,2024-05-15,483.96,515.86,6.59
SPY,2024-05-15,2024-08-14,515.86,531.17,2.97
SPY,2024-08-14,2024-11-14,531.17,581.40,9.46
SPY,2024-11-14,2025-02-14,581.40,599.43,3.10
SPY,2025-02-14,2025-05-15,599.43,582.26,-2.86
SPY,2025-05-15,2025-08-14,582.26,637.88,9.55
SPY,2025-08-14,2025-11-14,637.88,666.41,4.47
SPY,2025-11-14,2026-02-17,666.41,679.24,1.93
SPY,2026-02-17,2026-05-18,679.24,736.75,8.47
